-- phpMyAdmin SQL Dump
-- version 5.2.1
-- https://www.phpmyadmin.net/
--
-- Хост: localhost:3306
-- Время создания: Апр 27 2024 г., 12:06
-- Версия сервера: 10.4.32-MariaDB-cll-lve
-- Версия PHP: 8.2.14

SET SQL_MODE = "NO_AUTO_VALUE_ON_ZERO";
START TRANSACTION;
SET time_zone = "+00:00";


/*!40101 SET @OLD_CHARACTER_SET_CLIENT=@@CHARACTER_SET_CLIENT */;
/*!40101 SET @OLD_CHARACTER_SET_RESULTS=@@CHARACTER_SET_RESULTS */;
/*!40101 SET @OLD_COLLATION_CONNECTION=@@COLLATION_CONNECTION */;
/*!40101 SET NAMES utf8mb4 */;

--
-- База данных: `p-331522_oqimyn`
--

-- --------------------------------------------------------

--
-- Структура таблицы `contexts`
--

CREATE TABLE `contexts` (
  `context_id` bigint(20) NOT NULL,
  `context_title` text DEFAULT NULL,
  `context_content` text DEFAULT NULL,
  `context_image_url` text DEFAULT NULL
) ENGINE=InnoDB DEFAULT CHARSET=utf8mb4 COLLATE=utf8mb4_general_ci;

--
-- Дамп данных таблицы `contexts`
--

INSERT INTO `contexts` (`context_id`, `context_title`, `context_content`, `context_image_url`) VALUES
(12, 'Дүйсенбі несімен ерекше?', '«Дүйсенбі» деген сөзді естіген кезде көпшілігіміздің көз алдымызға аптаның бірінші күні жұмысқа асыққан адамдар мен мектепке бара жатқан балалар елестейді. Бұл күнді «Ауыр күн» деп те атайды. Тіпті «Бұл күні қарыз берсең, шығын көп болады, ал жолға шықсаң, сәтсіздікке ұшырайсың» деген сияқты жаман ырымдар да бар. \r\nАптадағы күн атауларының мағынасы.\r\nҚазақ тілі қалыптаспай тұрып қыпшақ даласында апта күндері сабат күні (сенбі), йакшанбе (йак – бір, шанбе – сенбі), душанбе (ду – екі, шанбе – сенбі), сешанбе (се – үш, шанбе — сенбі), чоршанбе (чор – төрт, шанбе – сенбі), бешшанбе (беш – бес, шанбе – сенбі), айна (жұма) деп аталған. Ал қазақ тілі қалыптасып болғаннан кейін өзінің төл сөздерінен апта күндеріне атаулар берген. Олар былай аталады: бүгін (бірінші күн), ертең (екінші күн), бүрсікүні (үшінші күн), арғыкүні (төртінші күн), ауыр күн (бесінші күн), соңғы күн (алтыншы күн), азына (жетінші күн). Бүгінде бұл сөздердің кейбірін жиі болмаса да қолданып тұрамыз.\r\nҚазіргі уақытта апта күндері дүйсенбі, сейсенбі, сәрсенбі, бейсенбі, жұма, сенбі, жексенбі деп аталады. Әр күннің соңындағы «сенбі» сөзі «күн» деген мағынаны білдіреді.\r\nКөптеген елдердегідей, біз де дүйсенбіні аптаның бірінші күні деп қарастырамыз. Негізінде дүйсенбі араб, грек, иврит және португал тілдерінде «екінші күн» деген мағынаны білдіреді, сол себепті де бұл күн жер бетіндегі барлық елдерде аптаның бірінші күні емес.\r\n                                                                  Әбілмәжінова З.', NULL),
(13, 'Дүйсенбі несімен ерекше?', '«Дүйсенбі» деген сөзді естіген кезде көпшілігіміздің көз алдымызға аптаның бірінші күні жұмысқа асыққан адамдар мен мектепке бара жатқан балалар елестейді. Бұл күнді «Ауыр күн» деп те атайды. Тіпті «Бұл күні қарыз берсең, шығын көп болады, ал жолға шықсаң, сәтсіздікке ұшырайсың» деген сияқты жаман ырымдар да бар. \r\nАптадағы күн атауларының мағынасы.\r\nҚазақ тілі қалыптаспай тұрып қыпшақ даласында апта күндері сабат күні (сенбі), йакшанбе (йак – бір, шанбе – сенбі), душанбе (ду – екі, шанбе – сенбі), сешанбе (се – үш, шанбе — сенбі), чоршанбе (чор – төрт, шанбе – сенбі), бешшанбе (беш – бес, шанбе – сенбі), айна (жұма) деп аталған. Ал қазақ тілі қалыптасып болғаннан кейін өзінің төл сөздерінен апта күндеріне атаулар берген. Олар былай аталады: бүгін (бірінші күн), ертең (екінші күн), бүрсікүні (үшінші күн), арғыкүні (төртінші күн), ауыр күн (бесінші күн), соңғы күн (алтыншы күн), азына (жетінші күн). Бүгінде бұл сөздердің кейбірін жиі болмаса да қолданып тұрамыз.\r\nҚазіргі уақытта апта күндері дүйсенбі, сейсенбі, сәрсенбі, бейсенбі, жұма, сенбі, жексенбі деп аталады. Әр күннің соңындағы «сенбі» сөзі «күн» деген мағынаны білдіреді.\r\nКөптеген елдердегідей, біз де дүйсенбіні аптаның бірінші күні деп қарастырамыз. Негізінде дүйсенбі араб, грек, иврит және португал тілдерінде «екінші күн» деген мағынаны білдіреді, сол себепті де бұл күн жер бетіндегі барлық елдерде аптаның бірінші күні емес.\r\n\r\nӘбілмәжінова З.', NULL),
(14, 'Дүйсенбі несімен ерекше?', '«Дүйсенбі» деген сөзді естіген кезде көпшілігіміздің көз алдымызға аптаның бірінші күні жұмысқа асыққан адамдар мен мектепке бара жатқан балалар елестейді. Бұл күнді «Ауыр күн» деп те атайды. Тіпті «Бұл күні қарыз берсең, шығын көп болады, ал жолға шықсаң, сәтсіздікке ұшырайсың» деген сияқты жаман ырымдар да бар. <br/>\r\nАптадағы күн атауларының мағынасы. <br/>\r\nҚазақ тілі қалыптаспай тұрып қыпшақ даласында апта күндері сабат күні (сенбі), йакшанбе (йак – бір, шанбе – сенбі), душанбе (ду – екі, шанбе – сенбі), сешанбе (се – үш, шанбе — сенбі), чоршанбе (чор – төрт, шанбе – сенбі), бешшанбе (беш – бес, шанбе – сенбі), айна (жұма) деп аталған. Ал қазақ тілі қалыптасып болғаннан кейін өзінің төл сөздерінен апта күндеріне атаулар берген. Олар былай аталады: бүгін (бірінші күн), ертең (екінші күн), бүрсікүні (үшінші күн), арғыкүні (төртінші күн), ауыр күн (бесінші күн), соңғы күн (алтыншы күн), азына (жетінші күн). Бүгінде бұл сөздердің кейбірін жиі болмаса да қолданып тұрамыз. <br/>\r\nҚазіргі уақытта апта күндері дүйсенбі, сейсенбі, сәрсенбі, бейсенбі, жұма, сенбі, жексенбі деп аталады. Әр күннің соңындағы «сенбі» сөзі «күн» деген мағынаны білдіреді. <br/>\r\nКөптеген елдердегідей, біз де дүйсенбіні аптаның бірінші күні деп қарастырамыз. Негізінде дүйсенбі араб, грек, иврит және португал тілдерінде «екінші күн» деген мағынаны білдіреді, сол себепті де бұл күн жер бетіндегі барлық елдерде аптаның бірінші күні емес.<br/>\r\nӘбілмәжінова З.', NULL),
(15, 'Дүйсенбі несімен ерекше?', '«Дүйсенбі» деген сөзді естіген кезде көпшілігіміздің көз алдымызға аптаның бірінші күні жұмысқа асыққан адамдар мен мектепке бара жатқан балалар елестейді. Бұл күнді «Ауыр күн» деп те атайды. Тіпті «Бұл күні қарыз берсең, шығын көп болады, ал жолға шықсаң, сәтсіздікке ұшырайсың» деген сияқты жаман ырымдар да бар. <br/>\r\nАптадағы күн атауларының мағынасы. <br/>\r\nҚазақ тілі қалыптаспай тұрып қыпшақ даласында апта күндері сабат күні (сенбі), йакшанбе (йак – бір, шанбе – сенбі), душанбе (ду – екі, шанбе – сенбі), сешанбе (се – үш, шанбе — сенбі), чоршанбе (чор – төрт, шанбе – сенбі), бешшанбе (беш – бес, шанбе – сенбі), айна (жұма) деп аталған. Ал қазақ тілі қалыптасып болғаннан кейін өзінің төл сөздерінен апта күндеріне атаулар берген. Олар былай аталады: бүгін (бірінші күн), ертең (екінші күн), бүрсікүні (үшінші күн), арғыкүні (төртінші күн), ауыр күн (бесінші күн), соңғы күн (алтыншы күн), азына (жетінші күн). Бүгінде бұл сөздердің кейбірін жиі болмаса да қолданып тұрамыз. <br/>\r\nҚазіргі уақытта апта күндері дүйсенбі, сейсенбі, сәрсенбі, бейсенбі, жұма, сенбі, жексенбі деп аталады. Әр күннің соңындағы «сенбі» сөзі «күн» деген мағынаны білдіреді. <br/>\r\nКөптеген елдердегідей, біз де дүйсенбіні аптаның бірінші күні деп қарастырамыз. Негізінде дүйсенбі араб, грек, иврит және португал тілдерінде «екінші күн» деген мағынаны білдіреді, сол себепті де бұл күн жер бетіндегі барлық елдерде аптаның бірінші күні емес. <br/>\r\nӘбілмәжінова З.', NULL),
(16, 'Дүйсенбі несімен ерекше?', '«Дүйсенбі» деген сөзді естіген кезде көпшілігіміздің көз алдымызға аптаның бірінші күні жұмысқа асыққан адамдар мен мектепке бара жатқан балалар елестейді. Бұл күнді «Ауыр күн» деп те атайды. Тіпті «Бұл күні қарыз берсең, шығын көп болады, ал жолға шықсаң, сәтсіздікке ұшырайсың» деген сияқты жаман ырымдар да бар. <br/>\r\nАптадағы күн атауларының мағынасы.<br/>\r\nҚазақ тілі қалыптаспай тұрып қыпшақ даласында апта күндері сабат күні (сенбі), йакшанбе (йак – бір, шанбе – сенбі), душанбе (ду – екі, шанбе – сенбі), сешанбе (се – үш, шанбе — сенбі), чоршанбе (чор – төрт, шанбе – сенбі), бешшанбе (беш – бес, шанбе – сенбі), айна (жұма) деп аталған. Ал қазақ тілі қалыптасып болғаннан кейін өзінің төл сөздерінен апта күндеріне атаулар берген. Олар былай аталады: бүгін (бірінші күн), ертең (екінші күн), бүрсікүні (үшінші күн), арғыкүні (төртінші күн), ауыр күн (бесінші күн), соңғы күн (алтыншы күн), азына (жетінші күн). Бүгінде бұл сөздердің кейбірін жиі болмаса да қолданып тұрамыз.<br/>\r\nҚазіргі уақытта апта күндері дүйсенбі, сейсенбі, сәрсенбі, бейсенбі, жұма, сенбі, жексенбі деп аталады. Әр күннің соңындағы «сенбі» сөзі «күн» деген мағынаны білдіреді.<br/>\r\nКөптеген елдердегідей, біз де дүйсенбіні аптаның бірінші күні деп қарастырамыз. Негізінде дүйсенбі араб, грек, иврит және португал тілдерінде «екінші күн» деген мағынаны білдіреді, сол себепті де бұл күн жер бетіндегі барлық елдерде аптаның бірінші күні емес.<br/>\r\nӘбілмәжінова З.', NULL),
(17, 'Дүйсенбі несімен ерекше?', '«Дүйсенбі» деген сөзді естіген кезде көпшілігіміздің көз алдымызға аптаның бірінші күні жұмысқа асыққан адамдар мен мектепке бара жатқан балалар елестейді. Бұл күнді «Ауыр күн» деп те атайды. Тіпті «Бұл күні қарыз берсең, шығын көп болады, ал жолға шықсаң, сәтсіздікке ұшырайсың» деген сияқты жаман ырымдар да бар. <br/>\r\nАптадағы күн атауларының мағынасы.<br/>\r\nҚазақ тілі қалыптаспай тұрып қыпшақ даласында апта күндері сабат күні (сенбі), йакшанбе (йак – бір, шанбе – сенбі), душанбе (ду – екі, шанбе – сенбі), сешанбе (се – үш, шанбе — сенбі), чоршанбе (чор – төрт, шанбе – сенбі), бешшанбе (беш – бес, шанбе – сенбі), айна (жұма) деп аталған. Ал қазақ тілі қалыптасып болғаннан кейін өзінің төл сөздерінен апта күндеріне атаулар берген. Олар былай аталады: бүгін (бірінші күн), ертең (екінші күн), бүрсікүні (үшінші күн), арғыкүні (төртінші күн), ауыр күн (бесінші күн), соңғы күн (алтыншы күн), азына (жетінші күн). Бүгінде бұл сөздердің кейбірін жиі болмаса да қолданып тұрамыз.<br/>\r\nҚазіргі уақытта апта күндері дүйсенбі, сейсенбі, сәрсенбі, бейсенбі, жұма, сенбі, жексенбі деп аталады. Әр күннің соңындағы «сенбі» сөзі «күн» деген мағынаны білдіреді.<br/>\r\nКөптеген елдердегідей, біз де дүйсенбіні аптаның бірінші күні деп қарастырамыз. Негізінде дүйсенбі араб, грек, иврит және португал тілдерінде «екінші күн» деген мағынаны білдіреді, сол себепті де бұл күн жер бетіндегі барлық елдерде аптаның бірінші күні емес.<br/>\r\nӘбілмәжінова З.', NULL),
(18, 'Дүйсенбі несімен ерекше?', '«Дүйсенбі» деген сөзді естіген кезде көпшілігіміздің көз алдымызға аптаның бірінші күні жұмысқа асыққан адамдар мен мектепке бара жатқан балалар елестейді. Бұл күнді «Ауыр күн» деп те атайды. Тіпті «Бұл күні қарыз берсең, шығын көп болады, ал жолға шықсаң, сәтсіздікке ұшырайсың» деген сияқты жаман ырымдар да бар. <br/>\r\nАптадағы күн атауларының мағынасы.<br/>\r\nҚазақ тілі қалыптаспай тұрып қыпшақ даласында апта күндері сабат күні (сенбі), йакшанбе (йак – бір, шанбе – сенбі), душанбе (ду – екі, шанбе – сенбі), сешанбе (се – үш, шанбе — сенбі), чоршанбе (чор – төрт, шанбе – сенбі), бешшанбе (беш – бес, шанбе – сенбі), айна (жұма) деп аталған. Ал қазақ тілі қалыптасып болғаннан кейін өзінің төл сөздерінен апта күндеріне атаулар берген. Олар былай аталады: бүгін (бірінші күн), ертең (екінші күн), бүрсікүні (үшінші күн), арғыкүні (төртінші күн), ауыр күн (бесінші күн), соңғы күн (алтыншы күн), азына (жетінші күн). Бүгінде бұл сөздердің кейбірін жиі болмаса да қолданып тұрамыз.<br/>\r\nҚазіргі уақытта апта күндері дүйсенбі, сейсенбі, сәрсенбі, бейсенбі, жұма, сенбі, жексенбі деп аталады. Әр күннің соңындағы «сенбі» сөзі «күн» деген мағынаны білдіреді.<br/>\r\nКөптеген елдердегідей, біз де дүйсенбіні аптаның бірінші күні деп қарастырамыз. Негізінде дүйсенбі араб, грек, иврит және португал тілдерінде «екінші күн» деген мағынаны білдіреді, сол себепті де бұл күн жер бетіндегі барлық елдерде аптаның бірінші күні емес.<br/>\r\nӘбілмәжінова З.', NULL),
(19, 'Дүйсенбі несімен ерекше?', '«Дүйсенбі» деген сөзді естіген кезде көпшілігіміздің көз алдымызға аптаның бірінші күні жұмысқа асыққан адамдар мен мектепке бара жатқан балалар елестейді. Бұл күнді «Ауыр күн» деп те атайды. Тіпті «Бұл күні қарыз берсең, шығын көп болады, ал жолға шықсаң, сәтсіздікке ұшырайсың» деген сияқты жаман ырымдар да бар. <br/>\r\nАптадағы күн атауларының мағынасы.<br/>\r\nҚазақ тілі қалыптаспай тұрып қыпшақ даласында апта күндері сабат күні (сенбі), йакшанбе (йак – бір, шанбе – сенбі), душанбе (ду – екі, шанбе – сенбі), сешанбе (се – үш, шанбе — сенбі), чоршанбе (чор – төрт, шанбе – сенбі), бешшанбе (беш – бес, шанбе – сенбі), айна (жұма) деп аталған. Ал қазақ тілі қалыптасып болғаннан кейін өзінің төл сөздерінен апта күндеріне атаулар берген. Олар былай аталады: бүгін (бірінші күн), ертең (екінші күн), бүрсікүні (үшінші күн), арғыкүні (төртінші күн), ауыр күн (бесінші күн), соңғы күн (алтыншы күн), азына (жетінші күн). Бүгінде бұл сөздердің кейбірін жиі болмаса да қолданып тұрамыз.<br/>\r\nҚазіргі уақытта апта күндері дүйсенбі, сейсенбі, сәрсенбі, бейсенбі, жұма, сенбі, жексенбі деп аталады. Әр күннің соңындағы «сенбі» сөзі «күн» деген мағынаны білдіреді.<br/>\r\nКөптеген елдердегідей, біз де дүйсенбіні аптаның бірінші күні деп қарастырамыз. Негізінде дүйсенбі араб, грек, иврит және португал тілдерінде «екінші күн» деген мағынаны білдіреді, сол себепті де бұл күн жер бетіндегі барлық елдерде аптаның бірінші күні емес.<br/>\r\nӘбілмәжінова З.', NULL),
(20, 'Электроавтомобиль Tesla Model S', 'В 2014 году в норвежском государстве было продано больше легковых автомобилей Tesla, чем Ford (2056 единиц Tesla, 1825 единиц Ford). Tesla продала на авторынке единственный легковой автомобиль (модель) Tesla Model S. <br/>\r\nОбратим внимание на знак «S» в названии автомобиля. По европейской системе систематизации легковых автомобилей с учетом существующих удобств и технических определений определены классы A, B, C, D, E, F, S, M, J. \"А\" - небольшие, недорогие легковые автомобили. Особый класс автомобилей \" S \" - спорткуп. Автопроизводители предлагают в этом классе самые новые технические решения, автомобили с лучшими техническими определениями.<br/>\r\nНа канале AutoreviewRu на Youtube главный редактор газеты «Авторевю» Михаил Подорожанский проводит сравнение Tesla Model S с автомобилем Porsche Cayman S класса S, вышедшим на одноименной автомашине. Porsche Cayman S разгоняется до 100 км/ч за прошедшие 5,2 секунды с момента движения. Tesla Model S требуется всего 4,4 секунды, чтобы показать такую цифру. Объем автомобиля соответствует автомобилям класса «Е» при весе 2 тонны.<br/>\r\nЧто меня интересовало, так это вопрос, подходит ли наш климат или нет. Поэтому я искал на Youtube видеоклипы, где оценивалось зимнее движение. Будучи электроавтомобилем, зимой Tesla Model S, судя по видео в интернете, на морозе -30ºС с полностью заряженными батареями проходит расстояние около 300 километров. Я был рад узнать, что при медленном движении клиренс увеличивается до 155 милиметров. Общий клиренс варьируется от 100 до 155 милиметров в зависимости от скорости. Приводящую в движение автомобиль ходовую часть и кузов продолжает пневматическая подвеска. Коробки скоростей нет, на ее месте стоит редуктор.<br/>\r\nВ целом радует что такой авто существует. Цена 100 000 $, любой из нас не купит, но этот автомобиль явно демонстрирует возможности электроавтомобилей.<br/>', NULL),
(21, 'Tesla Model S электроавтомобилі', '2014 жылы Норвегия мемлекетінде Tesla автомаркалы жеңіл көліктері Ford-тан көбірек саудаланылған (2056 дана Tesla, 1825 дана Ford). Tesla автонарықта жалғыз Tesla Model S жеңіл автокөлігін (моделін) саудалады.<br/>\r\nКөлік атауындағы «S» белгісіне көңіл аударайық. Еуропалық жеңіл автокөліктерді жүйелеу жүйесі бойынша қолданыстағы ыңғайлығын ескере және техникалық анықтамалары бойынша A, B, C, D, E, F, S, M, J кластары анықталған. «А» кішігірім, бағасы жағынан арзан жеңіл автокөліктер. «S» ерекше автокөлік класы - спорткупе. Автокөлік жасаушылар бұл класта техникалық шешімдердің ең жаңасын, техникалық анықтамалары жоғарғы автокөліктерді ұсынады.<br/>\r\nYoutube –тағы AutoreviewRu арнасында «Авторевю» газетінің бас редакторы Михаил Подорожанский Tesla Model S-ті атақты автомаркамен шыққан S класты Porsche Cayman S автокөлігімен салыстыру жүргізеді. Porsche Cayman S орнынан қозғалғаннан бастап өткен 5,2 секунд ішінде жылдамдығы 100 км/сағ жетеді. Tesla Model S осындай көрсеткіш көрсету үшін бар жоғы 4,4 секунд қажет. Автокөлік көлемі «Е» класты автокөліктерге сай салмағы 2 тонна бола тұра осындай көрсеткіш көрсетеді.<br/>\r\nМені қызықтырғаны, біздің климатқа жарайды ма, жарамайды ма деген сұрақ. Сондықтан қыстағы қозғалысы бағаланған бейнекөріністерді Youtube-тан іздеп көрдім. Электроавтомобиль бола тұра, қыста Tesla Model S ғаламтордағы бейнелерге сенсек, -30ºС аязда толық қуаттандырылған батареялармен 300 шақырымдай қашықтық жүріп өтетін көрінеді. Баяу қозғалғанда клиренс 155 милиметрге дейін көтерілетінін біліп қуандым. Жалпы клиренс жылдамдыққа байланысты 100-155 милиметрге дейін өзгереді. Автомобильді қозғалысқа келтіретін жүру бөлігін және шанақты пневматикалық аспа жалғастырады. Жылдамдық қорабы жоқ, оның орнында редуктор тұр.<br/>\r\nЖалпы мұндай автокөліктің бары қуантады. Бағасы 100 000 $, кез-келгеніміз сатып алмаймыз, бірақ та бұл автокөлік электроавтомобильдердің мүмкіншілігін ап-анық көрсетіп тұр.<br/>', NULL),
(25, 'Чем отличается понедельник?', 'Когда мы слышим слово \"понедельник\", многие из нас представляют себе людей, спешащих на работу в первый день недели, и детей, идущих в школу. Этот день также называют «Тяжелым днем». Есть даже плохие суеверия, такие как: «Если ты одолжишь в этот день, потеря будет большой, а если собираешься в поездку, то потерпишь неудачу».<br/>\r\nЗначение названий дней недели.<br/>\r\nДни недели в кипчакском степи до образования казахского языка назывались – день сабата (суббота), йакшанбе (йак – один, шанбе – суббота), душанбе (ду – два, шанбе – суббота), сешанбе (се — три, шанбе-суббота), чоршанбе (чор-четыре, шанбе-суббота), бешшанбе (беш-пять, шанбе-суббота), зеркало (пятница).<br/>\r\nА после образования казахского языка из своих оригинальных слов он дал названия дням недели. Они называются: сегодня (первый день), завтра (второй день), послезавтра (третий день), день арки (четвертый день), тяжелый день (пятый день), последний день (шестой день), азына (седьмой день). Сегодня мы используем некоторые из этих слов, хотя и не так часто.\r\nВ настоящее время дни недели называются понедельник, вторник, среда, четверг, пятница, суббота, воскресенья. Слово «суббота» в конце каждого дня означает «день».<br/>\r\nКак и во многих странах, мы рассматриваем понедельник как первый день недели. По сути, понедельник означает «второй день» на арабском, греческом, иврите и португальском языках, поэтому этот день не является первым днем недели во всех странах на земле.<br/>\r\nӘбілмәжінова З.', NULL),
(29, 'Нравится / Не нравится', 'Нравиться: звуки дождя; гроза; ветерок; необычайная тишина после окончания дождя; первый снег; смех младенцев; запах полыни; прогулки по Иртышу; чтение книг; восторг людей; ночной Алматы из Коктебеля; восхождение на гору Аблакетка; наблюдение за ночным Усть-Каменогорском; глядеть на широкую степь, которая, кажется, не имеет края; общение с людьми, которых я случайно встретил; люди, которые позволяют мне оставаться наедине, не задавая лишних вопросов в моменты разочарования; мелодии без слов; холодная вода; люди без масок; звезды моего родного города; тишина; простота; ночь.<br><br/>\r\nНе нравится: звук метели, слышимый в доме зимой; холод; застывший принцип (сидеть на работе с утра до вечера или не опаздать на занятия и сидеть до конца и т. д.); мысль о том «Что говорят другие люди?»; доказывать что-то другим; вопросы, связанные с религией; ждать; прощаться; неуместно спорить; нервничать; не говорить на родном языке (ложная честь); высокомерие; пить жидкие лекарства; паук; молчание; пустая надежда; звон часов; проходить пешеход (боюсь).<br/>\r\nӘбілмәжінова З.', NULL),
(30, 'Ұнайды / Ұнамайды', 'Ұнайды: жауынның тырс – тырс еткен дыбысы, күннің күркілі, самал жел, жауын тоқтағаннан кейінгі ерекше тыныштық, алғашқы қар, сәбилердің күлгені, жусан иісі, Ертістің бойында серуендеген, кітап оқыған, адамдарды қуанту, Көктөбеден түнгі Алматыны, Аблакетка тауына шығып түнгі Өскеменді тамашалау, жолға шыққанда шеті де, шегі де жоқ болып көрінетін кең далаға қарап отыру, тыныштық, кездейсоқ танысқан адамдармен сөйлесу, көңілім құлазыған сәттерде артық сұрақ қоймай, оңаша қалуға мүмкіндік беретін адамдар, сөзі жоқ әуендер, суық су, бетпердесіз адамдар, туған жерімнің жұлдыздары, үнсіздік, қарапайымдылық, түн.<br><br/>\r\nҰнамайды: қыста үйге естілетін боранның уілдеген дыбысы, суық, қатып қалған қағида (таңнан кешке дейін жұмыста отыру немесе сабаққа кешікпей келіп, соңына дейін отыру т.б), «басқа адамдар не айтады?» деген ой, ұйықтаған кезде бастырылып қалу, басқаларға әлденені дәлелдеу, дінге қатысты сұрақтар, күту, қоштасу, орынсыз дауласу, күйзеліске түсу, ана тілінде сөйлеуге арланатындар (жалған намыс), тәкаппарлық, сұйық дәрі ішу, өрмекші, үнсіздік, бос үміт, сағаттың тық – тық еткен үні, жолдан өту (қорқамын).<br/>\r\nӘбілмәжінова З.', NULL),
(31, 'Новые друзья', 'Десятый класс. Воскресенье. Я убирала комнату и читала книгу. Кто-то постучал в дверь комнаты. Если бы я знала этого ребенка, который зашел внутрь, я бы не стала так близко общаться. Он был на один класс выше меня. Разгговор который начался со слов «Можно ли войти?» затянулся слишком долго. Часто встречаясь после этого знакомства, мы стали близкими друзьями. Внешне он не похож на человека, близкого к литературе: русскоязычный, прямолинейный, постоянно смеется, насмехается над кем-то, имеет привычку курить. Моя учительница каждый раз, когда видить его рядом со мной, ругает «Можно узнат человека, глядя на друга. Ты не нашла себе нормального друга?!».<br><br/>\r\nУчебный год вот-вот закончится. Он тоже выпуститься. Однажды я сказала ему, что хочу «пойти в Коктебе и посмотреть ночной Алматы». Он молчал. Через неделю произошло то чего я не ожидала. К полуночи я вышла из своей комнаты и писала стихотворение в кресле перед балконом:<br/>\r\n- Зарина!- раздался голос. Я испугался. Смотрю, напротив меня стоит Мерей.<br/>\r\n«Что он делает в общежитии для девочек поздно ночью, как он вошел?» пока я думала:<br/>\r\n- Быстро, быстро. Одевайся потеплее. Пойдем в Коктебе, - сказал он. Я в недоумении хотела спросить «Почему? Как?», меня перебили:<br/>\r\n- Быстрее, не лучше, если меня сейчас увидит дежурный, - сказал он. Я быстренко оделся. Спустились со второго этажа на первый, оказалось, что под лестницей на первом этаже есть запертая дверь, выходящая на улицу. Я не знаю, взломал ли мой друг этот замок или давно сломался, и мы каким-то образом вышли на улицу. Мое сердце начало учащаться. «Что произойдет, если охранник нас увидит?» такой мысль не дала спокойства. Рядом с нашей школой есть школа-интернат. Рядом с ним показались силуэты нескольких человек. Мерей взял с собой трех одноклассников (двух мальчиков и одну девочку). Пятеро из нас направились к Коктебе. Мы шли по дорогам, по которым раньше я не ходила. Добрались до места назначения. Оказывается, отсюда «Алматы выглядит как на ладони». Такой красивый вид, такой свежий воздух. Яркий свет в окнах городских зданий и приглушенный свет придорожных фонарей делают человека особенным. Как будто все небесная звезда расположилась именно здесь. <br><br/>\r\nОколо утра мы приехали во двор школы. Я помню, как вошла в комнату, а затем лег спать, положив голову на подушку. В тот день мы все пятеро «по разным причинам» не ходили на занятия. Позже отъезд в Коктебе стала привычкой для нас с Мерей, но не ночью, а убегали от некоторых уроков, которые нам не интересны. <br><br/>\r\nӘбілмәжінова З.', NULL),
(32, 'Жаңа достар', 'Оныншы сынып. Жексенбі. Бөлмені жинастырып, кітап оқып отыр едім. Бөлме есігін әлдекім қақты. Ішке кірген баланы сырттай танитыным болмаса, жақын араласып көрмегенмін. Ол менен бір сынып жоғары оқитын Мерей еді. «Кіруге бола ма?» дегеннен басталған әңгіме тым ұзаққа созылып кетті. Сол таныстықтан кейін жиі кездесетін біз жақын достарға айналдық. Сырт көзге әдебиетке жақын адамға ұқсамайды: орыс тілді, тік мінезді, үнемі күліп, әлдекімдерді келеке етіп жүреді, темекі шегетін әдеті бар. Менің жанымнан оны көрген сайын тәрбиешім «Адамды досына қарап таниды. Жөні түзу дос таппадың ба?!» деп ұрсатын.<br><br/>\r\nОқу жылы да аяқталып қалды. Оның мектеп қабырғасынан түлеп ұшар күні де таяды. Бірде оған «Көктөбеге барып, түнгі Алматыны тамашаласа ғой» деген тілегімді айтқанмын. Ол үнсіз қалды. Арада бір апта өткенде мен күтпеген жай болды. Түнгі он екіге қарай бөлмемнен шығып, балкон алдында тұрған креслода өлең жазып отыр едім:<br/>\r\n— Зарина!- деген дауыс шықты. Селт еттім. Қарасам, қарсы алдымда Мерей тұр. «Түннің бір уағында қыздар жатақханасында не істеп жүр, қалай кірді?» деген сұрақ мазалап отырған менің ойымды оның:<br/>\r\n— Тез, тез, қалың киініп шық. Көктөбеге барамыз,- деген сөзі бұзып жіберді. Мен «Неге? Қалай?» дей беріп едім:<br/>\r\n— Тезірек, қазір мені кезекші көріп қойса жақсы емес,- деді. Қалың киініп шықтым. Екінші қабаттан бірінші қабатқа түстік, бірінші қабаттағы баспалдақтың астында тысқа шығатын құлыптаулы есік бар екен. Досым сол құлыпты бұзып кірген бе, әлде бұрыннан бұзылған ба, ол жағын білмеймін, әйтеуір далаға шықтық. Жүрегімнің дүрсілі жиілей бастады. «Күзетші көріп қойса не болады?» деген ой маза бермей келеді. Біздің мектептің жанында мектеп – интернат бар. Соның жанына келгенде бірнеше адамның сұлбасы көрінді. Сөйтсем Мерей өзімен бірге үш сыныптасын ертіп алыпты (екі ұл, бір қыз). Бесеуміз Көктөбеге қарай бет алдық. Бұрын мен жүріп көрмеген жолдармен жүрдік. Көздеген жерге де жеттік. Шынымен де «Алматы алақандағыдай» болып көрінеді екен. Сондай әдемі көрініс, сондай таза ауа. Қала ғимараттарының терезесіндегі жарық пен жол бойындағы жалт – жұлт еткен шам жарығы адамды ерекше әсерге бөлейді. Құдды бір аспандағы жұлдыз атаулы жерге орналасып алғандай.<br><br/>\r\nТаңға жуық мектеп ауласына да келіп жеттік. Бөлмеге кіргенім есімде, ары қарай жастыққа басым тие салып ұйқыға кеттім. Сол күні «әр түрлі себептермен» бесеуміз де сабаққа бармаппыз. Кейін Көктөбеге кету Мерей екеуміздің әдетімізге айналды, бірақ түнде емес, іш пысатын кейбір сабақтардан қашып баратынбыз.<br><br/>\r\nӘбілмәжінова З.', NULL),
(33, 'Электроавтомобиль Tesla Model S', 'В 2014 году в норвежском государстве было продано больше легковых автомобилей Tesla, чем Ford (2056 единиц Tesla, 1825 единиц Ford). Tesla продала на авторынке единственный легковой автомобиль (модель) Tesla Model S. <br><br/>\r\nОбратим внимание на знак «S» в названии автомобиля. По европейской системе систематизации легковых автомобилей с учетом существующих удобств и технических определений определены классы A, B, C, D, E, F, S, M, J. \"А\" - небольшие, недорогие легковые автомобили. Особый класс автомобилей \" S \" - спорткуп. Автопроизводители предлагают в этом классе самые новые технические решения, автомобили с лучшими техническими определениями. <br><br/>\r\nНа канале AutoreviewRu на Youtube главный редактор газеты «Авторевю» Михаил Подорожанский проводит сравнение Tesla Model S с автомобилем Porsche Cayman S класса S, вышедшим на одноименной автомашине. Porsche Cayman S разгоняется до 100 км/ч за прошедшие 5,2 секунды с момента движения. Tesla Model S требуется всего 4,4 секунды, чтобы показать такую цифру. Объем автомобиля соответствует автомобилям класса «Е» при весе 2 тонны. <br><br/>\r\nЧто меня интересовало, так это вопрос, подходит ли наш климат или нет. Поэтому я искал на Youtube видеоклипы, где оценивалось зимнее движение. Будучи электроавтомобилем, зимой Tesla Model S, судя по видео в интернете, на морозе -30ºС с полностью заряженными батареями проходит расстояние около 300 километров. Я был рад узнать, что при медленном движении клиренс увеличивается до 155 милиметров. Общий клиренс варьируется от 100 до 155 милиметров в зависимости от скорости. Приводящую в движение автомобиль ходовую часть и кузов продолжает пневматическая подвеска. Коробки скоростей нет, на ее месте стоит редуктор. <br><br/>\r\nВ целом радует что такой авто существует. Цена 100 000 $, любой из нас не купит, но этот автомобиль явно демонстрирует возможности электроавтомобилей. <br><br/>', NULL),
(34, 'Tesla Model S электроавтомобилі', '2014 жылы Норвегия мемлекетінде Tesla автомаркалы жеңіл көліктері Ford-тан көбірек саудаланылған (2056 дана Tesla, 1825 дана Ford). Tesla автонарықта жалғыз Tesla Model S жеңіл автокөлігін (моделін) саудалады.<br><br/>\r\nКөлік атауындағы «S» белгісіне көңіл аударайық. Еуропалық жеңіл автокөліктерді жүйелеу жүйесі бойынша қолданыстағы ыңғайлығын ескере және техникалық анықтамалары бойынша A, B, C, D, E, F, S, M, J кластары анықталған. «А» кішігірім, бағасы жағынан арзан жеңіл автокөліктер. «S» ерекше автокөлік класы - спорткупе. Автокөлік жасаушылар бұл класта техникалық шешімдердің ең жаңасын, техникалық анықтамалары жоғарғы автокөліктерді ұсынады. <br><br/>\r\nYoutube –тағы AutoreviewRu арнасында «Авторевю» газетінің бас редакторы Михаил Подорожанский Tesla Model S-ті атақты автомаркамен шыққан S класты Porsche Cayman S автокөлігімен салыстыру жүргізеді. Porsche Cayman S орнынан қозғалғаннан бастап өткен 5,2 секунд ішінде жылдамдығы 100 км/сағ жетеді. Tesla Model S осындай көрсеткіш көрсету үшін бар жоғы 4,4 секунд қажет. Автокөлік көлемі «Е» класты автокөліктерге сай салмағы 2 тонна бола тұра осындай көрсеткіш көрсетеді. <br><br/>\r\nМені қызықтырғаны, біздің климатқа жарайды ма, жарамайды ма деген сұрақ. Сондықтан қыстағы қозғалысы бағаланған бейнекөріністерді Youtube-тан іздеп көрдім. Электроавтомобиль бола тұра, қыста Tesla Model S ғаламтордағы бейнелерге сенсек, -30ºС аязда толық қуаттандырылған батареялармен 300 шақырымдай қашықтық жүріп өтетін көрінеді. Баяу қозғалғанда клиренс 155 милиметрге дейін көтерілетінін біліп қуандым. Жалпы клиренс жылдамдыққа байланысты 100-155 милиметрге дейін өзгереді. Автомобильді қозғалысқа келтіретін жүру бөлігін және шанақты пневматикалық аспа жалғастырады. Жылдамдық қорабы жоқ, оның орнында редуктор тұр. <br><br/>\r\nЖалпы мұндай автокөліктің бары қуантады. Бағасы 100 000 $, кез-келгеніміз сатып алмаймыз, бірақ та бұл автокөлік электроавтомобильдердің мүмкіншілігін ап-анық көрсетіп тұр. <br><br/>', NULL),
(37, 'Чем отличается понедельник?', 'Когда мы слышим слово \"понедельник\", многие из нас представляют себе людей, спешащих на работу в первый день недели, и детей, идущих в школу. Этот день также называют «Тяжелым днем». Есть даже плохие суеверия, такие как: «Если ты одолжишь в этот день, потеря будет большой, а если собираешься в поездку, то потерпишь неудачу».<br><br/>\r\nЗначение названий дней недели.<br/>\r\nДни недели в кипчакском степи до образования казахского языка назывались – день сабата (суббота), йакшанбе (йак – один, шанбе – суббота), душанбе (ду – два, шанбе – суббота), сешанбе (се — три, шанбе-суббота), чоршанбе (чор-четыре, шанбе-суббота), бешшанбе (беш-пять, шанбе-суббота), зеркало (пятница).<br/>\r\nА после образования казахского языка из своих оригинальных слов он дал названия дням недели. Они называются: сегодня (первый день), завтра (второй день), послезавтра (третий день), день арки (четвертый день), тяжелый день (пятый день), последний день (шестой день), азына (седьмой день). Сегодня мы используем некоторые из этих слов, хотя и не так часто.<br/>\r\nВ настоящее время дни недели называются понедельник, вторник, среда, четверг, пятница, суббота, воскресенья. Слово «суббота» в конце каждого дня означает «день».<br/>\r\nКак и во многих странах, мы рассматриваем понедельник как первый день недели. По сути, понедельник означает «второй день» на арабском, греческом, иврите и португальском языках, поэтому этот день не является первым днем недели во всех странах на земле.<br><br/>\r\nӘбілмәжінова З.', NULL),
(38, 'Дүйсенбі несімен ерекше?', '«Дүйсенбі» деген сөзді естіген кезде көпшілігіміздің көз алдымызға аптаның бірінші күні жұмысқа асыққан адамдар мен мектепке бара жатқан балалар елестейді. Бұл күнді «Ауыр күн» деп те атайды. Тіпті «Бұл күні қарыз берсең, шығын көп болады, ал жолға шықсаң, сәтсіздікке ұшырайсың» деген сияқты жаман ырымдар да бар.<br><br/>\r\nАптадағы күн атауларының мағынасы.<br/>\r\nҚазақ тілі қалыптаспай тұрып қыпшақ даласында апта күндері сабат күні (сенбі), йакшанбе (йак – бір, шанбе – сенбі), душанбе (ду – екі, шанбе – сенбі), сешанбе (се – үш, шанбе — сенбі), чоршанбе (чор – төрт, шанбе – сенбі), бешшанбе (беш – бес, шанбе – сенбі), айна (жұма) деп аталған. Ал қазақ тілі қалыптасып болғаннан кейін өзінің төл сөздерінен апта күндеріне атаулар берген. Олар былай аталады: бүгін (бірінші күн), ертең (екінші күн), бүрсігүні (үшінші күн), арғыкүні (төртінші күн), ауыр күн (бесінші күн), соңғы күн (алтыншы күн), азына (жетінші күн). Бүгінде бұл сөздердің кейбірін жиі болмаса да қолданып тұрамыз.<br/>\r\nҚазіргі уақытта апта күндері дүйсенбі, сейсенбі, сәрсенбі, бейсенбі, жұма, сенбі, жексенбі деп аталады. Әр күннің соңындағы «сенбі» сөзі «күн» деген мағынаны білдіреді.<br/.\r\nКөптеген елдердегідей, біз де дүйсенбіні аптаның бірінші күні деп қарастырамыз. Негізінде дүйсенбі араб, грек, иврит және португал тілдерінде «екінші күн» деген мағынаны білдіреді, сол себепті де бұл күн жер бетіндегі барлық елдерде аптаның бірінші күні емес.<br><br/>\r\nӘбілмәжінова З.', NULL),
(40, 'Интерком «Хоттабыч»', '\"Хоттабыч\" (2006) – это фильм нового образца в жанре интерком в Россий. Интерком - это интернет комедия. Режиссер Петр Точилов.<br/>\r\nУспех фильма также зависит от его сценария. Сценарий написан по роману Сергея Кладо «Медный кувшин старика Хоттабыча». Краткое содержание фильма выглядит следующим образом.<br/>\r\nГород Москва, начало 2000-х годов. <br/>\r\nМолодой человек, Гена программист, хакер. Он атакует сайт Microsoft, используя свои знания. Также происходят неожиданные изменения в личной жизни. Возлюбленная, Лена, бросает его. Гена попадает в глаза пиратам. Разбойники с его помощью пытаются украсть много денег через интернет. За нападение на сайт Microsoft и совершение хулиганских действий его разыскивает спецслужба. <br/>\r\nМедный кувшин, который был продан на онлайн-аукционе в руках Гена. Он собиралься подарить его на день рождения Лены. Но сейчас Лены рядом нет. <br/>\r\nТрудности, с которыми он сталкивается, переплетаются, обостряются и превращаются в нерешенную проблему. Только сила магии может спасти Гену от подобной ситуации. <br/>\r\n- Что я теперь буду делать? Как мне решать эту проблему? - в соответствии с его пожеланиями, демон в медном кувшине невольно выхватывает свободу. Гена называет демона Хоттабычом. За освобождение из-под стражи внутри медного кувшина демон говорит, что исполнит три желания Гена. Таким образом, Хоттабыч и Гена вместе проводят много веселых моментов вместе. Ситуация в голове у Гена разрешилась положительно, и он влюбился в девушку-хакера. Вместо медного кувшина, который был домом для Хоттабыча, Гена находит для него совершенно новый дом. <br/>\r\nИз актеров, попавших в кино, Толоконников Владимир Алексеевич, играющий Хоттабыча, - личность индивидуальная. Заслуженный артист Казахской ССР. Актер Алматинского государственного академического театра драмы им.Лермонтова. <br/>\r\nРежиссер, который дал возможность зрителю поделиться своими радостями и радостью от неудач приятного персонажа, пробуждает в зрителях человеческие качества. Дарит хорошие эмоции кинозрителю в целом. Из серии успешных кинокомедий. <br/>', NULL),
(41, '«Хоттабыч» интеркомы', '«Хоттабыч» (2006) жаңа үлгідегі Ресейдің интерком жанрындағы фильмі. Интерком дегендері интернет комедия. Режиссері Петр Точилов.<br/>\r\nКиноның сәтті шығуы оның сценарийіне де байланысты. Сценарий Сергей Кладоның «Хоттабыч шалдың жез құмырасы» романы негізінде жазылған. Киноның қысқаша мазмұны келесідей. <br/>\r\nМосква қаласы, 2000 жылдардың басы. <br/>\r\nЖас жігіт, Гена программист, хакер. Ол өз білімін пайдаланып Microsoft сайтына шабуыл жасайды. Сонымен қатар жеке өмірінде күтпеген өзгерістер болады. Сүйіктісі, Лена, оны тастап кетеді. Гена қарақшылардың көздеріне түседі. Қарақшылар болса оның көмегімен ғаламтор арқылы көп ақша ұрламақшы. Microsoft сайтына шабуыл жасап, бұзақылық әрекет жасағаны үшін оны арнаулы қызмет іздеп-тауып, соңына түседі. <br/>\r\nГенаның қолында онлайн аукционда саудаланған жез құмыра. Оны Ленаның туған күніне сыйламақшы болған. Бірақ қазір Лена қасында жоқ. <br/>\r\nОның басына төнген қиындықтар бір-біріне қосыла, шиеленісіп, шешімі жоқ мәселеге айналып барады. Осындай жағдайдан Генаны тек сиқырдың құдіреті ғана құтқаруы мүмкін. <br/>\r\n– Енді не істедім? Қалай шешуін таптым? -деген тілеуіне сай жез құмырадағы сиқыршы жынды бостандыққа байқаусыздан шығарып алады. Гена жынды Хоттабыч деп атайды. Жез құмыраның ішіндегі қамаудан босатқаны үшін жын Генаның үш тілегін орындайтынын айтады. Осылайша Хоттабыч пен Гена бірге бастарынан көп қызықты сәттерді өткізеді. Генаның басындағы жағдайлар оң шешіліп өзі секілді хакер қызға ғашық болып, сонымен табысады. Хоттабычке үй болған жез құмыраның орнына Гена оған жаңа үй табады. <br/>\r\nКиноға түскен актерлер ішінен Хоттабычты сомдайтын Толоконников Владимир Алексеевич жеке дара тұлға. Қазақ ССР еңбек сіңірген әртісі. Алматының Лермонтов атындағы мемлекеттік академиялық драма театрының актері. <br/>\r\nКөрерменге жағымды кейіпкердің сәтсіздігіне жанын ашытқызып, қуанса қуаныштарына ортақ болуына мүмкіншілік жасаған режиссер көрермендердің адами қасиеттерін оятады. Жалпы кино көрерменіне жақсы эмоция сыйлайды. Сәтті шыққан кинокомедиялар қатарынан табылады.', NULL),
(43, 'Великие преобразования в растительном мире', 'Яблоня цветет, цветок опыляется, у основания цветка образуется узелок, который превращается в плод, внутри плода находится семя. Некоторые из растений мы называем цветами. В цветках таких растений созревают только зерна-семена, но не образуются яблочно - ягодные плоды. Поэтому даже если яблоня цветет, мы не называем ее цветком.<br/>\r\nЦветки отличаются цветом, формированием, строением лепестков. Есть также вредные, ядовитые виды цветов. Среди цветков, распускающихся ранней весной, встречаются малозаметные-ядовитые. Есть такая примета,  запрещать маленьким детям собирать цветы ранней весной.<br/>\r\nНе лишним будет сказать, что цветущий в мае и июне одуванчик - «самый любимый цветок детей\". Не относится к ядовитым цветкам, известен как лекарственное растение. Часто встречается в парках, на даче, в саду.<br/>\r\nЕще одна причина, по которой он становится любимым цветком детей, вероятно, заключается в его способности трансформироваться. Через день или два желтый цветок превращается в пушистый мех.<br/>\r\nЦветок летит из стороны в сторону, если надуть пух на головке. Зерна на дне каждого пуха летают, плавая при движении воздуха, с небольшим ветерком, направляющим их одинаковым весом. Пух - парашют над каждой породой создает условия для того, чтобы она летела дальше по воздуху.', NULL),
(44, 'Өсімдік әлеміндегі тамаша түрленулер', 'Алма ағашы гүлдейді, гүлі тозаңдалады, гүлдің түбінде түйін пайда болып жеміске айналады, жеміс ішінде тұқым бар. Өсімдіктердің кейбіреуін гүл дейміз. Ондай өсімдіктердің гүлінде тек дән – тұқым ғана жетіледі, алма - жидек тәрізді жеміс түземейді. Сондықтан алма ағашы гүлдесе де, оны гүл деп атамаймыз.<br/>\r\nГүлдер гүл жапырақтарының түстерімен, пішімімен, құрылысымен ерекшеленеді. Гүлдердің зиянды, улы түрлері де бар. Ерте көктемде гүлдейтін гүлдер арасында шамасы аз-улысы кездеседі. Кішкене балаларға ерте көктемде гүлдерді тергенге тыйым салудың осындай негізі бар.<br/>\r\nМамыр, маусым айларында гүлдейтін бақбақ гүлі «балалардың ең сүйікті гүлі» деп айтсам артық болмайды. Улы гүлге жатпайды, дәрілік шөп ретінде белгілі. Саябақтарда, саяжайда, бақшада жиі кездеседі.<br/>\r\nБалалардың сүйікті гүліне айналдыратын тағы бір себебі, оның түрлене білуінде шығар. Бір-екі күнде сары гүлі мамық жүнге айналады.<br/>\r\nГүл басындағы мамықты үрлеп түсірсе жан-жаққа ұшады. Әр мамық түбіндегі дәндер салмағы оларды бірдей бағыттап, азғантай самал жел, ауаның қозғалысында қалқып ұша жөнеледі. Әр тұқым үстіндегі мамық - парашют оны неғұрлым алысқа ауамен қалқып ұшуына жағдай жасайды.', NULL),
(45, 'Каучук', 'Давайте взглянем на историю производства каучука. Натуральный каучук получают из деревьев, растущих на широте в десять градусов по обе стороны экватора. Срубил кору дерева Гевеи и собрал вытекший из нее сок –латекс. После нагревания латекса шарики мелкой смолы слипаются и выпадают в осадок. Местные жители умывали осадок и держали его над огнем.<br/>\r\nС 1930-х годов советское правительство искало растения, подходящие для производства натурального каучука в промышленных масштабах. Был цветок Кок-сагыз, который был признан пригодным для производства каучука. Горная местность Казахстана является его природной средой.<br/>\r\n1931 (1933?) в году жители Алматинской области показали Советским ботаникам вид одуванчика под названием Кок-сагыз. Получил название «Taraxacum kok-saghyz Rodin».<br/>\r\nИз корней растения получают 6-11% каучука. При посеве в качестве технического растения было произведено до 80 кг каучука с 1 гектара. Получение продукции основано на ручном труде. После окончания Великой Отечественной войны в 1950-х годах производство каучука из Кок-сагыза было прекращено. Дело в том, что получаемый каучук стал менее качественным и более дорогим. Каучук, полученный из нефти, был дешевым и прочным.<br/>\r\nВ 1980-е годы оценивались мировые сырьевые запасы, уточнялось, что основой экономики всего мира является добыча и переработка нефти. Увеличение добычи нефти и увеличение общего производства, сжигания топлива поставили перед человечеством экологические проблемы. Цены на нефть растут. В США рассматривают возможность возобновления производства каучука из Кок-сагыза. В качестве причины указывается цена на нефть и рост цен на натуральный каучук, выращенный на экваторе. Совершенствуются и технологии производства натурального каучука. Сейчас считается, что резина из натурального каучука будет более высокого качества, чем резина из синтезированного каучука.', NULL),
(46, 'Каучук', 'Каучук өндірісінің тарихына шолу жасайық. Табиғи каучук экватордың екі жағына он градус ендікте өсетін ағаштардан алынады. Гевеи ағашының қабығын кесіп, одан аққан шырын –латексті жинаған. Латексті қыздырған соң ондағы ұсақ–ұсақ шайырдың шариктері бір-бірімен жабысып, тұнбаға түседі. Жергілікті тұрғындар тұнбаны жуып, оттың үстінде ұстап каучукты кесектей алған.<br/>\r\n1930 жылдардан бастап Совет үкіметі табиғи каучукті өндірістік көлемде өндіру үшін жарамды өсімдіктерді іздестірген. Каучук өндірісіне деп жарамды болып табылған көк сағыз гүлі болды. Қазақстанның таулы аймақтары оның табиғи ортасы болып табылады.<br/>\r\n1931 (1933?) жылы Алматы Облысының тұрғындары Совет ботаниктеріне көк сағыз атты бақбақ гүлінің түрін көрсетті. «Taraxacum kok-saghyz Rodin» атауын алды.<br/>\r\nӨсімдіктің тамырынан 6-11 % каучук алынады. Техникалық өсімдік ретінде егіп өсіргенде, 1 гектарынан 80 кг-ға дейін каучук өндіріліпті. Өнім алу қол еңбегіне негізделген. Ұлы Отан соғысы аяқталған соң 1950 жылдары көк сағыздан каучук өндірісі тоқтатылды. Өйткені, алынған каучук сапасы төмен және қымбатқа түсті. Мұнайдан алынған каучук арзан әрі мықты болды.<br/>\r\n1980 жылдары әлемдік шикізат қоры бағаланып, бүкіл әлем экономикасының негізі мұнай өндіру және өңдеу болғаны нақтыланды. Мұнай өндірудің артуы және жалпы өндірістің, отын жағу көлемінің артуы экологиялық мәселерді адамзат алдына қойды. Мұнайдың бағасы өсуде. АҚШ –та көк сағыздан каучук өндіруін қайта жаңғырту жолын қарастыруда. Оған себеп ретінде мұнайдың бағасы және экваторда өсірген табиғи каучук бағасының өсуі деп көрсетіледі. Табиғи каучукті өндіру технологиялары да жетілдірілуде. Қазір табиғи каучуктан алынған резеңке синтезделген каучуктан жасалған резеңкеден сапасы жоғары болады деп саналады.', NULL),
(47, 'Курчатов Игорь Васильевич (1902-1960 г.)', 'Курчатов Игорь Васильевич-ученый, основатель атомной науки и техники в СССР, академик Академии Наук СССР, окончил физико-математический факультет Крымского университета.<br/>\r\nПервые научные работы Курчатова посвящены сегнетоэлектрическим явлениям. С 1933 года занимался вопросами физики атомного ядра. Он открыл явление разветвления ядерных реакций, возникающих в результате нейтронных извержений; в сотрудничестве со своими научными сотрудниками он наблюдал явление ядерной изомерии в искусственных радиоактивных изотопах. В результате своих исследований с российскими физиками К. А. Петржаком и Г. Н.Флеровым было обнаружено явление спонтанного деления урана. Под его руководством в Москве были созданы первый циклотрон, первый атомный реактор в Европе, первая промышленная атомная электростанция в мире и крупнейшая установка для изучения управления термоядерными реакциями, а также первая советская атомная бомба и первый термоядерный реактор в мире. Руководил работами по испытаниям атомной бомбы на Семипалатинском ядерном полигоне. Трижды получал звание лауреата Ленинской премии, Государственной премии СССР, Героя Социалистического Труда. 5 раз награжден орденом Ленина, и ещё другими орденами и медалями. Именем Курчатова назван город в Павлодарской области, Физ-тех. институт в Санкт-Петербурге.<br><br/>\r\n«Казахская энциклопедия»', NULL),
(48, 'Курчатов Игорь Васильевич (1902-1960 ж.ж.)', 'Курчатов Игорь Васильевич – ғалым, КСРО-дағы атомдық ғылым мен техниканың негізін салушы, КСРО Ғылым Академиясының академигі, Қырым университетінің физика-математика факултетін бітірген. <br/>\r\nКурчатовтың алғашқы ғылыми жұмыстары сегнетоэлектрлік құбылыстарға арналған. 1933 жылдан бастап атом ядросы физикасының мәселелерімен айналысты. Ол нейтронмен атқылау нәтижесінде пайда болатын ядролық реакциялардың тармақталу құбылысын ашты; өзінің ғылыми қызметкерлерімен бірлесе отырып, жасанды радиоактивті изотоптардағы ядролық изомерия құбылысын байқады. Орыс физиктері К.А. Петржак және Г.Н. Флеровпен бірге жүргізген зерттеулерінің нәтижесінде уранның өздігінен бөліну құбылысын ашты. Оның басшылығымен Мәскеуде алғашқы циклотрон, Еуропадағы бірінші атом реакторы, дүние жүзіндегі бірінші өндірістік атом электр станциясы және термоядролық реакцияларды басқаруды зерттеуге арналған аса ірі қондырғы құрылып, кеңестік бірінші атом бомбасы мен дүние жүзіндегі бірінші термоядр. бомба жасалды. Семей ядролық полигонында жүргізілген атом бомбасын сынау жұмыстарына басшылық жасады. Лениндік сыйлықтың, КСРО Мемлекеттік сыйлығының лауреаты, Социалистік Еңбек Ері атағын үш рет алған. 5 рет Ленин орденімен, т.б. орден және медальдармен марапатталған. Курчатов есімімен Павлодар облысындағы қала, Санк-Петербургтегі Физ.-тех. институты, т.б. аталған.<br><br/>\r\n«Қазақ энциклопедиясы»', NULL),
(49, 'Чем отличается понедельник?', 'Когда мы слышим слово \"понедельник\", многие из нас представляют себе людей, спешащих на работу в первый день недели, и детей, идущих в школу. Этот день также называют «Тяжелым днем». Есть даже плохие суеверия, такие как: «Если ты одолжишь в этот день, потеря будет большой, а если собираешься в поездку, то потерпишь неудачу».<br/>\r\nЗначение названий дней недели.<br/>\r\nДни недели в кипчакском степи до образования казахского языка назывались – день сабата (суббота), йакшанбе (йак – один, шанбе – суббота), душанбе (ду – два, шанбе – суббота), сешанбе (се — три, шанбе-суббота), чоршанбе (чор-четыре, шанбе-суббота), бешшанбе (беш-пять, шанбе-суббота), зеркало (пятница).<br/>\r\nА после образования казахского языка из своих оригинальных слов он дал названия дням недели. Они называются: сегодня (первый день), завтра (второй день), послезавтра (третий день), день арки (четвертый день), тяжелый день (пятый день), последний день (шестой день), азына (седьмой день). Сегодня мы используем некоторые из этих слов, хотя и не так часто.<br/>\r\nВ настоящее время дни недели называются понедельник, вторник, среда, четверг, пятница, суббота, воскресенья. Слово «суббота» в конце каждого дня означает «день».<br/>\r\nКак и во многих странах, мы рассматриваем понедельник как первый день недели. По сути, понедельник означает «второй день» на арабском, греческом, иврите и португальском языках, поэтому этот день не является первым днем недели во всех странах на земле.<br><br/>\r\nӘбілмәжінова З.', NULL),
(50, 'Чем отличается понедельник?', 'Когда мы слышим слово \"понедельник\", многие из нас представляют себе людей, спешащих на работу в первый день недели, и детей, идущих в школу. Этот день также называют «Тяжелым днем». Есть даже плохие суеверия, такие как: «Если ты одолжишь в этот день, потеря будет большой, а если собираешься в поездку, то потерпишь неудачу».<br/>\r\nЗначение названий дней недели.<br/>\r\nДни недели в кипчакском степи до образования казахского языка назывались – день сабата (суббота), йакшанбе (йак – один, шанбе – суббота), душанбе (ду – два, шанбе – суббота), сешанбе (се — три, шанбе-суббота), чоршанбе (чор-четыре, шанбе-суббота), бешшанбе (беш-пять, шанбе-суббота), зеркало (пятница).<br/>\r\nА после образования казахского языка из своих оригинальных слов он дал названия дням недели. Они называются: сегодня (первый день), завтра (второй день), послезавтра (третий день), день арки (четвертый день), тяжелый день (пятый день), последний день (шестой день), азына (седьмой день). Сегодня мы используем некоторые из этих слов, хотя и не так часто.<br/>\r\nВ настоящее время дни недели называются понедельник, вторник, среда, четверг, пятница, суббота, воскресенья. Слово «суббота» в конце каждого дня означает «день».<br/>\r\nКак и во многих странах, мы рассматриваем понедельник как первый день недели. По сути, понедельник означает «второй день» на арабском, греческом, иврите и португальском языках, поэтому этот день не является первым днем недели во всех странах на земле.<br><br/>\r\nӘбілмәжінова З.', NULL);
INSERT INTO `contexts` (`context_id`, `context_title`, `context_content`, `context_image_url`) VALUES
(51, 'Дүйсенбі несімен ерекше?', '«Дүйсенбі» деген сөзді естіген кезде көпшілігіміздің көз алдымызға аптаның бірінші күні жұмысқа асыққан адамдар мен мектепке бара жатқан балалар елестейді. Бұл күнді «Ауыр күн» деп те атайды. Тіпті «Бұл күні қарыз берсең, шығын көп болады, ал жолға шықсаң, сәтсіздікке ұшырайсың» деген сияқты жаман ырымдар да бар.<br/>\r\nАптадағы күн атауларының мағынасы.<br/>\r\nҚазақ тілі қалыптаспай тұрып қыпшақ даласында апта күндері сабат күні (сенбі), йакшанбе (йак – бір, шанбе – сенбі), душанбе (ду – екі, шанбе – сенбі), сешанбе (се – үш, шанбе — сенбі), чоршанбе (чор – төрт, шанбе – сенбі), бешшанбе (беш – бес, шанбе – сенбі), айна (жұма) деп аталған. Ал қазақ тілі қалыптасып болғаннан кейін өзінің төл сөздерінен апта күндеріне атаулар берген. Олар былай аталады: бүгін (бірінші күн), ертең (екінші күн), бүрсігүні (үшінші күн), арғыкүні (төртінші күн), ауыр күн (бесінші күн), соңғы күн (алтыншы күн), азына (жетінші күн). Бүгінде бұл сөздердің кейбірін жиі болмаса да қолданып тұрамыз.<br/>\r\nҚазіргі уақытта апта күндері дүйсенбі, сейсенбі, сәрсенбі, бейсенбі, жұма, сенбі, жексенбі деп аталады. Әр күннің соңындағы «сенбі» сөзі «күн» деген мағынаны білдіреді.<br/.\r\nКөптеген елдердегідей, біз де дүйсенбіні аптаның бірінші күні деп қарастырамыз. Негізінде дүйсенбі араб, грек, иврит және португал тілдерінде «екінші күн» деген мағынаны білдіреді, сол себепті де бұл күн жер бетіндегі барлық елдерде аптаның бірінші күні емес.<br><br/>\r\nӘбілмәжінова З.', NULL),
(53, 'Нравится / Не нравится', 'Нравиться: звуки дождя; гроза; ветерок; необычайная тишина после окончания дождя; первый снег; смех младенцев; запах полыни; прогулки по Иртышу; чтение книг; восторг людей; ночной Алматы из Коктебеля; восхождение на гору Аблакетка; наблюдение за ночным Усть-Каменогорском; глядеть на широкую степь, которая, кажется, не имеет края; общение с людьми, которых я случайно встретил; люди, которые позволяют мне оставаться наедине, не задавая лишних вопросов в моменты разочарования; мелодии без слов; холодная вода; люди без масок; звезды моего родного города; тишина; простота; ночь.<br><br/>\r\nНе нравится: звук метели, слышимый в доме зимой; холод; застывший принцип (сидеть на работе с утра до вечера или не опаздать на занятия и сидеть до конца и т. д.); мысль о том «Что говорят другие люди?»; доказывать что-то другим; вопросы, связанные с религией; ждать; прощаться; неуместно спорить; нервничать; не говорить на родном языке (ложная честь); высокомерие; пить жидкие лекарства; паук; молчание; пустая надежда; звон часов; проходить пешеход (боюсь).<br><br/>\r\nӘбілмәжінова З.', NULL),
(54, 'Ұнайды / Ұнамайды', 'Ұнайды: жауынның тырс – тырс еткен дыбысы, күннің күркілі, самал жел, жауын тоқтағаннан кейінгі ерекше тыныштық, алғашқы қар, сәбилердің күлгені, жусан иісі, Ертістің бойында серуендеген, кітап оқыған, адамдарды қуанту, Көктөбеден түнгі Алматыны, Аблакетка тауына шығып түнгі Өскеменді тамашалау, жолға шыққанда шеті де, шегі де жоқ болып көрінетін кең далаға қарап отыру, тыныштық, кездейсоқ танысқан адамдармен сөйлесу, көңілім құлазыған сәттерде артық сұрақ қоймай, оңаша қалуға мүмкіндік беретін адамдар, сөзі жоқ әуендер, суық су, бетпердесіз адамдар, туған жерімнің жұлдыздары, үнсіздік, қарапайымдылық, түн.<br><br/>\r\nҰнамайды: қыста үйге естілетін боранның уілдеген дыбысы, суық, қатып қалған қағида (таңнан кешке дейін жұмыста отыру немесе сабаққа кешікпей келіп, соңына дейін отыру т.б), «басқа адамдар не айтады?» деген ой, ұйықтаған кезде бастырылып қалу, басқаларға әлденені дәлелдеу, дінге қатысты сұрақтар, күту, қоштасу, орынсыз дауласу, күйзеліске түсу, ана тілінде сөйлеуге арланатындар (жалған намыс), тәкаппарлық, сұйық дәрі ішу, өрмекші, үнсіздік, бос үміт, сағаттың тық – тық еткен үні, жолдан өту (қорқамын).<br><br/>\r\nӘбілмәжінова З.', NULL),
(55, 'Новые друзья', 'Десятый класс. Воскресенье. Я убирала комнату и читала книгу. Кто-то постучал в дверь комнаты. Если бы я знала этого ребенка, который зашел внутрь, я бы не стала так близко общаться. Он был на один класс выше меня. Разгговор который начался со слов «Можно ли войти?» затянулся слишком долго. Часто встречаясь после этого знакомства, мы стали близкими друзьями. Внешне он не похож на человека, близкого к литературе: русскоязычный, прямолинейный, постоянно смеется, насмехается над кем-то, имеет привычку курить. Моя учительница каждый раз, когда видить его рядом со мной, ругает «Можно узнат человека, глядя на друга. Ты не нашла себе нормального друга?!».<br><br/>\r\nУчебный год вот-вот закончится. Он тоже выпуститься. Однажды я сказала ему, что хочу «пойти в Коктебе и посмотреть ночной Алматы». Он молчал. Через неделю произошло то чего я не ожидала. К полуночи я вышла из своей комнаты и писала стихотворение в кресле перед балконом:<br/>\r\n- Зарина!- раздался голос. Я испугался. Смотрю, напротив меня стоит Мерей.<br/>\r\n«Что он делает в общежитии для девочек поздно ночью, как он вошел?» пока я думала:<br/>\r\n- Быстро, быстро. Одевайся потеплее. Пойдем в Коктебе, - сказал он. Я в недоумении хотела спросить «Почему? Как?», меня перебили:<br/>\r\n- Быстрее, не лучше, если меня сейчас увидит дежурный, - сказал он. Я быстренко оделся. Спустились со второго этажа на первый, оказалось, что под лестницей на первом этаже есть запертая дверь, выходящая на улицу. Я не знаю, взломал ли мой друг этот замок или давно сломался, и мы каким-то образом вышли на улицу. Мое сердце начало учащаться. «Что произойдет, если охранник нас увидит?» такой мысль не дала спокойства. Рядом с нашей школой есть школа-интернат. Рядом с ним показались силуэты нескольких человек. Мерей взял с собой трех одноклассников (двух мальчиков и одну девочку). Пятеро из нас направились к Коктебе. Мы шли по дорогам, по которым раньше я не ходила. Добрались до места назначения. Оказывается, отсюда «Алматы выглядит как на ладони». Такой красивый вид, такой свежий воздух. Яркий свет в окнах городских зданий и приглушенный свет придорожных фонарей делают человека особенным. Как будто все небесная звезда расположилась именно здесь. <br/>\r\nОколо утра мы приехали во двор школы. Я помню, как вошла в комнату, а затем лег спать, положив голову на подушку. В тот день мы все пятеро «по разным причинам» не ходили на занятия. Позже отъезд в Коктебе стала привычкой для нас с Мерей, но не ночью, а убегали от некоторых уроков, которые нам не интересны. <br><br/>\r\nӘбілмәжінова З.', NULL),
(56, 'Чем отличается понедельник?', 'Когда мы слышим слово \"понедельник\", многие из нас представляют себе людей, спешащих на работу в первый день недели, и детей, идущих в школу. Этот день также называют «Тяжелым днем». Есть даже плохие суеверия, такие как: «Если ты одолжишь в этот день, потеря будет большой, а если собираешься в поездку, то потерпишь неудачу».<br/>\r\nЗначение названий дней недели.<br/>\r\nДни недели в кипчакском степи до образования казахского языка назывались – день сабата (суббота), йакшанбе (йак – один, шанбе – суббота), душанбе (ду – два, шанбе – суббота), сешанбе (се — три, шанбе-суббота), чоршанбе (чор-четыре, шанбе-суббота), бешшанбе (беш-пять, шанбе-суббота), зеркало (пятница).<br/>\r\nА после образования казахского языка из своих оригинальных слов он дал названия дням недели. Они называются: сегодня (первый день), завтра (второй день), послезавтра (третий день), день арки (четвертый день), тяжелый день (пятый день), последний день (шестой день), азына (седьмой день). Сегодня мы используем некоторые из этих слов, хотя и не так часто.<br/>\r\nВ настоящее время дни недели называются понедельник, вторник, среда, четверг, пятница, суббота, воскресенья. Слово «суббота» в конце каждого дня означает «день».<br/>\r\nКак и во многих странах, мы рассматриваем понедельник как первый день недели. По сути, понедельник означает «второй день» на арабском, греческом, иврите и португальском языках, поэтому этот день не является первым днем недели во всех странах на земле.<br><br/>\r\nӘбілмәжінова З.', NULL),
(58, 'Дүйсенбі несімен ерекше?', '«Дүйсенбі» деген сөзді естіген кезде көпшілігіміздің көз алдымызға аптаның бірінші күні жұмысқа асыққан адамдар мен мектепке бара жатқан балалар елестейді. Бұл күнді «Ауыр күн» деп те атайды. Тіпті «Бұл күні қарыз берсең, шығын көп болады, ал жолға шықсаң, сәтсіздікке ұшырайсың» деген сияқты жаман ырымдар да бар.<br/>\r\nАптадағы күн атауларының мағынасы.<br/>\r\nҚазақ тілі қалыптаспай тұрып қыпшақ даласында апта күндері сабат күні (сенбі), йакшанбе (йак – бір, шанбе – сенбі), душанбе (ду – екі, шанбе – сенбі), сешанбе (се – үш, шанбе — сенбі), чоршанбе (чор – төрт, шанбе – сенбі), бешшанбе (беш – бес, шанбе – сенбі), айна (жұма) деп аталған. Ал қазақ тілі қалыптасып болғаннан кейін өзінің төл сөздерінен апта күндеріне атаулар берген. Олар былай аталады: бүгін (бірінші күн), ертең (екінші күн), бүрсігүні (үшінші күн), арғыкүні (төртінші күн), ауыр күн (бесінші күн), соңғы күн (алтыншы күн), азына (жетінші күн). Бүгінде бұл сөздердің кейбірін жиі болмаса да қолданып тұрамыз.<br/>\r\nҚазіргі уақытта апта күндері дүйсенбі, сейсенбі, сәрсенбі, бейсенбі, жұма, сенбі, жексенбі деп аталады. Әр күннің соңындағы «сенбі» сөзі «күн» деген мағынаны білдіреді.<br/.\r\nКөптеген елдердегідей, біз де дүйсенбіні аптаның бірінші күні деп қарастырамыз. Негізінде дүйсенбі араб, грек, иврит және португал тілдерінде «екінші күн» деген мағынаны білдіреді, сол себепті де бұл күн жер бетіндегі барлық елдерде аптаның бірінші күні емес.<br><br/>\r\nӘбілмәжінова З.', NULL),
(59, 'Нравится / Не нравится', 'Нравиться: звуки дождя; гроза; ветерок; необычайная тишина после окончания дождя; первый снег; смех младенцев; запах полыни; прогулки по Иртышу; чтение книг; восторг людей; ночной Алматы из Коктебеля; восхождение на гору Аблакетка; наблюдение за ночным Усть-Каменогорском; глядеть на широкую степь, которая, кажется, не имеет края; общение с людьми, которых я случайно встретил; люди, которые позволяют мне оставаться наедине, не задавая лишних вопросов в моменты разочарования; мелодии без слов; холодная вода; люди без масок; звезды моего родного города; тишина; простота; ночь.<br><br/>\r\nНе нравится: звук метели, слышимый в доме зимой; холод; застывший принцип (сидеть на работе с утра до вечера или не опаздать на занятия и сидеть до конца и т. д.); мысль о том «Что говорят другие люди?»; доказывать что-то другим; вопросы, связанные с религией; ждать; прощаться; неуместно спорить; нервничать; не говорить на родном языке (ложная честь); высокомерие; пить жидкие лекарства; паук; молчание; пустая надежда; звон часов; проходить пешеход (боюсь).<br><br/>\r\nӘбілмәжінова З.', NULL),
(60, 'Ұнайды / Ұнамайды', 'Ұнайды: жауынның тырс – тырс еткен дыбысы, күннің күркілі, самал жел, жауын тоқтағаннан кейінгі ерекше тыныштық, алғашқы қар, сәбилердің күлгені, жусан иісі, Ертістің бойында серуендеген, кітап оқыған, адамдарды қуанту, Көктөбеден түнгі Алматыны, Аблакетка тауына шығып түнгі Өскеменді тамашалау, жолға шыққанда шеті де, шегі де жоқ болып көрінетін кең далаға қарап отыру, тыныштық, кездейсоқ танысқан адамдармен сөйлесу, көңілім құлазыған сәттерде артық сұрақ қоймай, оңаша қалуға мүмкіндік беретін адамдар, сөзі жоқ әуендер, суық су, бетпердесіз адамдар, туған жерімнің жұлдыздары, үнсіздік, қарапайымдылық, түн. <br><br/>\r\nҰнамайды: қыста үйге естілетін боранның уілдеген дыбысы, суық, қатып қалған қағида (таңнан кешке дейін жұмыста отыру немесе сабаққа кешікпей келіп, соңына дейін отыру т.б), «басқа адамдар не айтады?» деген ой, ұйықтаған кезде бастырылып қалу, басқаларға әлденені дәлелдеу, дінге қатысты сұрақтар, күту, қоштасу, орынсыз дауласу, күйзеліске түсу, ана тілінде сөйлеуге арланатындар (жалған намыс), тәкаппарлық, сұйық дәрі ішу, өрмекші, үнсіздік, бос үміт, сағаттың тық – тық еткен үні, жолдан өту (қорқамын). <br><br/>\r\nӘбілмәжінова З.', NULL),
(61, 'Новые друзья', 'Десятый класс. Воскресенье. Я убирала комнату и читала книгу. Кто-то постучал в дверь комнаты. Если бы я знала этого ребенка, который зашел внутрь, я бы не стала так близко общаться. Он был на один класс выше меня. Разгговор который начался со слов «Можно ли войти?» затянулся слишком долго. Часто встречаясь после этого знакомства, мы стали близкими друзьями. Внешне он не похож на человека, близкого к литературе: русскоязычный, прямолинейный, постоянно смеется, насмехается над кем-то, имеет привычку курить. Моя учительница каждый раз, когда видить его рядом со мной, ругает «Можно узнат человека, глядя на друга. Ты не нашла себе нормального друга?!».<br><br/>\r\nУчебный год вот-вот закончится. Он тоже выпуститься. Однажды я сказала ему, что хочу «пойти в Коктебе и посмотреть ночной Алматы». Он молчал. Через неделю произошло то чего я не ожидала. К полуночи я вышла из своей комнаты и писала стихотворение в кресле перед балконом:<br/>\r\n- Зарина!- раздался голос. Я испугался. Смотрю, напротив меня стоит Мерей.<br/>\r\n«Что он делает в общежитии для девочек поздно ночью, как он вошел?» пока я думала:<br/>\r\n- Быстро, быстро. Одевайся потеплее. Пойдем в Коктебе, - сказал он. Я в недоумении хотела спросить «Почему? Как?», меня перебили:<br/>\r\n- Быстрее, не лучше, если меня сейчас увидит дежурный, - сказал он. Я быстренко оделся. Спустились со второго этажа на первый, оказалось, что под лестницей на первом этаже есть запертая дверь, выходящая на улицу. Я не знаю, взломал ли мой друг этот замок или давно сломался, и мы каким-то образом вышли на улицу. Мое сердце начало учащаться. «Что произойдет, если охранник нас увидит?» такой мысль не дала спокойства. Рядом с нашей школой есть школа-интернат. Рядом с ним показались силуэты нескольких человек. Мерей взял с собой трех одноклассников (двух мальчиков и одну девочку). Пятеро из нас направились к Коктебе. Мы шли по дорогам, по которым раньше я не ходила. Добрались до места назначения. Оказывается, отсюда «Алматы выглядит как на ладони». Такой красивый вид, такой свежий воздух. Яркий свет в окнах городских зданий и приглушенный свет придорожных фонарей делают человека особенным. Как будто все небесная звезда расположилась именно здесь. <br/>\r\nОколо утра мы приехали во двор школы. Я помню, как вошла в комнату, а затем лег спать, положив голову на подушку. В тот день мы все пятеро «по разным причинам» не ходили на занятия. Позже отъезд в Коктебе стала привычкой для нас с Мерей, но не ночью, а убегали от некоторых уроков, которые нам не интересны. <br><br/>\r\nӘбілмәжінова З.', NULL),
(62, 'Жаңа достар', 'Оныншы сынып. Жексенбі. Бөлмені жинастырып, кітап оқып отыр едім. Бөлме есігін әлдекім қақты. Ішке кірген баланы сырттай танитыным болмаса, жақын араласып көрмегенмін. Ол менен бір сынып жоғары оқитын Мерей еді. «Кіруге бола ма?» дегеннен басталған әңгіме тым ұзаққа созылып кетті. Сол таныстықтан кейін жиі кездесетін біз жақын достарға айналдық. Сырт көзге әдебиетке жақын адамға ұқсамайды: орыс тілді, тік мінезді, үнемі күліп, әлдекімдерді келеке етіп жүреді, темекі шегетін әдеті бар. Менің жанымнан оны көрген сайын тәрбиешім «Адамды досына қарап таниды. Жөні түзу дос таппадың ба?!» деп ұрсатын.<br><br/>\r\nОқу жылы да аяқталып қалды. Оның мектеп қабырғасынан түлеп ұшар күні де таяды. Бірде оған «Көктөбеге барып, түнгі Алматыны тамашаласа ғой» деген тілегімді айтқанмын. Ол үнсіз қалды. Арада бір апта өткенде мен күтпеген жай болды. Түнгі он екіге қарай бөлмемнен шығып, балкон алдында тұрған креслода өлең жазып отыр едім:<br/>\r\n— Зарина!- деген дауыс шықты. Селт еттім. Қарасам, қарсы алдымда Мерей тұр. «Түннің бір уағында қыздар жатақханасында не істеп жүр, қалай кірді?» деген сұрақ мазалап отырған менің ойымды оның:<br/>\r\n— Тез, тез, қалың киініп шық. Көктөбеге барамыз,- деген сөзі бұзып жіберді. Мен «Неге? Қалай?» дей беріп едім:<br/>\r\n— Тезірек, қазір мені кезекші көріп қойса жақсы емес,- деді. Қалың киініп шықтым. Екінші қабаттан бірінші қабатқа түстік, бірінші қабаттағы баспалдақтың астында тысқа шығатын құлыптаулы есік бар екен. Досым сол құлыпты бұзып кірген бе, әлде бұрыннан бұзылған ба, ол жағын білмеймін, әйтеуір далаға шықтық. Жүрегімнің дүрсілі жиілей бастады. «Күзетші көріп қойса не болады?» деген ой маза бермей келеді. Біздің мектептің жанында мектеп – интернат бар. Соның жанына келгенде бірнеше адамның сұлбасы көрінді. Сөйтсем Мерей өзімен бірге үш сыныптасын ертіп алыпты (екі ұл, бір қыз). Бесеуміз Көктөбеге қарай бет алдық. Бұрын мен жүріп көрмеген жолдармен жүрдік. Көздеген жерге де жеттік. Шынымен де «Алматы алақандағыдай» болып көрінеді екен. Сондай әдемі көрініс, сондай таза ауа. Қала ғимараттарының терезесіндегі жарық пен жол бойындағы жалт – жұлт еткен шам жарығы адамды ерекше әсерге бөлейді. Құдды бір аспандағы жұлдыз атаулы жерге орналасып алғандай.<br><br/>\r\nТаңға жуық мектеп ауласына да келіп жеттік. Бөлмеге кіргенім есімде, ары қарай жастыққа басым тие салып ұйқыға кеттім. Сол күні «әр түрлі себептермен» бесеуміз де сабаққа бармаппыз. Кейін Көктөбеге кету Мерей екеуміздің әдетімізге айналды, бірақ түнде емес, іш пысатын кейбір сабақтардан қашып баратынбыз.<br><br/>\r\nӘбілмәжінова З.', NULL),
(63, 'Интерком «Хоттабыч»', '\"Хоттабыч\" (2006) – это фильм нового образца в жанре интерком в Россий. Интерком - это интернет комедия. Режиссер Петр Точилов.<br/>\r\nУспех фильма также зависит от его сценария. Сценарий написан по роману Сергея Кладо «Медный кувшин старика Хоттабыча». Краткое содержание фильма выглядит следующим образом.<br/>\r\nГород Москва, начало 2000-х годов. <br/>\r\nМолодой человек, Гена программист, хакер. Он атакует сайт Microsoft, используя свои знания. Также происходят неожиданные изменения в личной жизни. Возлюбленная, Лена, бросает его. Гена попадает в глаза пиратам. Разбойники с его помощью пытаются украсть много денег через интернет. За нападение на сайт Microsoft и совершение хулиганских действий его разыскивает спецслужба. <br/>\r\nМедный кувшин, который был продан на онлайн-аукционе в руках Гена. Он собиралься подарить его на день рождения Лены. Но сейчас Лены рядом нет. <br/>\r\nТрудности, с которыми он сталкивается, переплетаются, обостряются и превращаются в нерешенную проблему. Только сила магии может спасти Гену от подобной ситуации. <br/>\r\n- Что я теперь буду делать? Как мне решать эту проблему? - в соответствии с его пожеланиями, демон в медном кувшине невольно выхватывает свободу. Гена называет демона Хоттабычом. За освобождение из-под стражи внутри медного кувшина демон говорит, что исполнит три желания Гена. Таким образом, Хоттабыч и Гена вместе проводят много веселых моментов вместе. Ситуация в голове у Гена разрешилась положительно, и он влюбился в девушку-хакера. Вместо медного кувшина, который был домом для Хоттабыча, Гена находит для него совершенно новый дом. <br/>\r\nИз актеров, попавших в кино, Толоконников Владимир Алексеевич, играющий Хоттабыча, - личность индивидуальная. Заслуженный артист Казахской ССР. Актер Алматинского государственного академического театра драмы им.Лермонтова. <br/>\r\nРежиссер, который дал возможность зрителю поделиться своими радостями и радостью от неудач приятного персонажа, пробуждает в зрителях человеческие качества. Дарит хорошие эмоции кинозрителю в целом. Из серии успешных кинокомедий. <br/>', NULL),
(64, '«Хоттабыч» интеркомы', '«Хоттабыч» (2006) жаңа үлгідегі Ресейдің интерком жанрындағы фильмі. Интерком дегендері интернет комедия. Режиссері Петр Точилов.<br/>\r\nКиноның сәтті шығуы оның сценарийіне де байланысты. Сценарий Сергей Кладоның «Хоттабыч шалдың жез құмырасы» романы негізінде жазылған. Киноның қысқаша мазмұны келесідей. <br/>\r\nМосква қаласы, 2000 жылдардың басы. <br/>\r\nЖас жігіт, Гена программист, хакер. Ол өз білімін пайдаланып Microsoft сайтына шабуыл жасайды. Сонымен қатар жеке өмірінде күтпеген өзгерістер болады. Сүйіктісі, Лена, оны тастап кетеді. Гена қарақшылардың көздеріне түседі. Қарақшылар болса оның көмегімен ғаламтор арқылы көп ақша ұрламақшы. Microsoft сайтына шабуыл жасап, бұзақылық әрекет жасағаны үшін оны арнаулы қызмет іздеп-тауып, соңына түседі. <br/>\r\nГенаның қолында онлайн аукционда саудаланған жез құмыра. Оны Ленаның туған күніне сыйламақшы болған. Бірақ қазір Лена қасында жоқ. <br/>\r\nОның басына төнген қиындықтар бір-біріне қосыла, шиеленісіп, шешімі жоқ мәселеге айналып барады. Осындай жағдайдан Генаны тек сиқырдың құдіреті ғана құтқаруы мүмкін. <br/>\r\n– Енді не істедім? Қалай шешуін таптым? -деген тілеуіне сай жез құмырадағы сиқыршы жынды бостандыққа байқаусыздан шығарып алады. Гена жынды Хоттабыч деп атайды. Жез құмыраның ішіндегі қамаудан босатқаны үшін жын Генаның үш тілегін орындайтынын айтады. Осылайша Хоттабыч пен Гена бірге бастарынан көп қызықты сәттерді өткізеді. Генаның басындағы жағдайлар оң шешіліп өзі секілді хакер қызға ғашық болып, сонымен табысады. Хоттабычке үй болған жез құмыраның орнына Гена оған жаңа үй табады. <br/>\r\nКиноға түскен актерлер ішінен Хоттабычты сомдайтын Толоконников Владимир Алексеевич жеке дара тұлға. Қазақ ССР еңбек сіңірген әртісі. Алматының Лермонтов атындағы мемлекеттік академиялық драма театрының актері. <br/>\r\nКөрерменге жағымды кейіпкердің сәтсіздігіне жанын ашытқызып, қуанса қуаныштарына ортақ болуына мүмкіншілік жасаған режиссер көрермендердің адами қасиеттерін оятады. Жалпы кино көрерменіне жақсы эмоция сыйлайды. Сәтті шыққан кинокомедиялар қатарынан табылады.', NULL),
(65, 'Великие преобразования в растительном мире', 'Яблоня цветет, цветок опыляется, у основания цветка образуется узелок, который превращается в плод, внутри плода находится семя. Некоторые из растений мы называем цветами. В цветках таких растений созревают только зерна-семена, но не образуются яблочно - ягодные плоды. Поэтому даже если яблоня цветет, мы не называем ее цветком.<br/>\r\nЦветки отличаются цветом, формированием, строением лепестков. Есть также вредные, ядовитые виды цветов. Среди цветков, распускающихся ранней весной, встречаются малозаметные-ядовитые. Есть такая примета,  запрещать маленьким детям собирать цветы ранней весной.<br/>\r\nНе лишним будет сказать, что цветущий в мае и июне одуванчик - «самый любимый цветок детей\". Не относится к ядовитым цветкам, известен как лекарственное растение. Часто встречается в парках, на даче, в саду.<br/>\r\nЕще одна причина, по которой он становится любимым цветком детей, вероятно, заключается в его способности трансформироваться. Через день или два желтый цветок превращается в пушистый мех.<br/>\r\nЦветок летит из стороны в сторону, если надуть пух на головке. Зерна на дне каждого пуха летают, плавая при движении воздуха, с небольшим ветерком, направляющим их одинаковым весом. Пух - парашют над каждой породой создает условия для того, чтобы она летела дальше по воздуху.', 'https://100urokov.ru/media/zoo/images/rastitelnyi_mir_rossii_1_5f1e908fd3dc4083217df5e010d65d2e.webp'),
(66, 'Өсімдік әлеміндегі тамаша түрленулер', 'Алма ағашы гүлдейді, гүлі тозаңдалады, гүлдің түбінде түйін пайда болып жеміске айналады, жеміс ішінде тұқым бар. Өсімдіктердің кейбіреуін гүл дейміз. Ондай өсімдіктердің гүлінде тек дән – тұқым ғана жетіледі, алма - жидек тәрізді жеміс түземейді. Сондықтан алма ағашы гүлдесе де, оны гүл деп атамаймыз.<br/>\r\nГүлдер гүл жапырақтарының түстерімен, пішімімен, құрылысымен ерекшеленеді. Гүлдердің зиянды, улы түрлері де бар. Ерте көктемде гүлдейтін гүлдер арасында шамасы аз-улысы кездеседі. Кішкене балаларға ерте көктемде гүлдерді тергенге тыйым салудың осындай негізі бар.<br/>\r\nМамыр, маусым айларында гүлдейтін бақбақ гүлі «балалардың ең сүйікті гүлі» деп айтсам артық болмайды. Улы гүлге жатпайды, дәрілік шөп ретінде белгілі. Саябақтарда, саяжайда, бақшада жиі кездеседі.<br/>\r\nБалалардың сүйікті гүліне айналдыратын тағы бір себебі, оның түрлене білуінде шығар. Бір-екі күнде сары гүлі мамық жүнге айналады.<br/>\r\nГүл басындағы мамықты үрлеп түсірсе жан-жаққа ұшады. Әр мамық түбіндегі дәндер салмағы оларды бірдей бағыттап, азғантай самал жел, ауаның қозғалысында қалқып ұша жөнеледі. Әр тұқым үстіндегі мамық - парашют оны неғұрлым алысқа ауамен қалқып ұшуына жағдай жасайды.', 'https://100urokov.ru/media/zoo/images/rastitelnyi_mir_rossii_1_5f1e908fd3dc4083217df5e010d65d2e.webp'),
(67, 'Каучук', 'Давайте взглянем на историю производства каучука. Натуральный каучук получают из деревьев, растущих на широте в десять градусов по обе стороны экватора. Срубил кору дерева Гевеи и собрал вытекший из нее сок –латекс. После нагревания латекса шарики мелкой смолы слипаются и выпадают в осадок. Местные жители умывали осадок и держали его над огнем.<br/>\r\nС 1930-х годов советское правительство искало растения, подходящие для производства натурального каучука в промышленных масштабах. Был цветок Кок-сагыз, который был признан пригодным для производства каучука. Горная местность Казахстана является его природной средой.<br/>\r\n1931 (1933?) в году жители Алматинской области показали Советским ботаникам вид одуванчика под названием Кок-сагыз. Получил название «Taraxacum kok-saghyz Rodin».<br/>\r\nИз корней растения получают 6-11% каучука. При посеве в качестве технического растения было произведено до 80 кг каучука с 1 гектара. Получение продукции основано на ручном труде. После окончания Великой Отечественной войны в 1950-х годах производство каучука из Кок-сагыза было прекращено. Дело в том, что получаемый каучук стал менее качественным и более дорогим. Каучук, полученный из нефти, был дешевым и прочным.<br/>\r\nВ 1980-е годы оценивались мировые сырьевые запасы, уточнялось, что основой экономики всего мира является добыча и переработка нефти. Увеличение добычи нефти и увеличение общего производства, сжигания топлива поставили перед человечеством экологические проблемы. Цены на нефть растут. В США рассматривают возможность возобновления производства каучука из Кок-сагыза. В качестве причины указывается цена на нефть и рост цен на натуральный каучук, выращенный на экваторе. Совершенствуются и технологии производства натурального каучука. Сейчас считается, что резина из натурального каучука будет более высокого качества, чем резина из синтезированного каучука.', 'https://www.rubicom.su/upload/webp-cache/upload/iblock/733/7333ca1a995e44563c09bb0e266a3cb8.webp'),
(68, 'Каучук', 'Каучук өндірісінің тарихына шолу жасайық. Табиғи каучук экватордың екі жағына он градус ендікте өсетін ағаштардан алынады. Гевеи ағашының қабығын кесіп, одан аққан шырын –латексті жинаған. Латексті қыздырған соң ондағы ұсақ–ұсақ шайырдың шариктері бір-бірімен жабысып, тұнбаға түседі. Жергілікті тұрғындар тұнбаны жуып, оттың үстінде ұстап каучукты кесектей алған.<br/>\r\n1930 жылдардан бастап Совет үкіметі табиғи каучукті өндірістік көлемде өндіру үшін жарамды өсімдіктерді іздестірген. Каучук өндірісіне деп жарамды болып табылған көк сағыз гүлі болды. Қазақстанның таулы аймақтары оның табиғи ортасы болып табылады.<br/>\r\n1931 (1933?) жылы Алматы Облысының тұрғындары Совет ботаниктеріне көк сағыз атты бақбақ гүлінің түрін көрсетті. «Taraxacum kok-saghyz Rodin» атауын алды.<br/>\r\nӨсімдіктің тамырынан 6-11 % каучук алынады. Техникалық өсімдік ретінде егіп өсіргенде, 1 гектарынан 80 кг-ға дейін каучук өндіріліпті. Өнім алу қол еңбегіне негізделген. Ұлы Отан соғысы аяқталған соң 1950 жылдары көк сағыздан каучук өндірісі тоқтатылды. Өйткені, алынған каучук сапасы төмен және қымбатқа түсті. Мұнайдан алынған каучук арзан әрі мықты болды.<br/>\r\n1980 жылдары әлемдік шикізат қоры бағаланып, бүкіл әлем экономикасының негізі мұнай өндіру және өңдеу болғаны нақтыланды. Мұнай өндірудің артуы және жалпы өндірістің, отын жағу көлемінің артуы экологиялық мәселерді адамзат алдына қойды. Мұнайдың бағасы өсуде. АҚШ –та көк сағыздан каучук өндіруін қайта жаңғырту жолын қарастыруда. Оған себеп ретінде мұнайдың бағасы және экваторда өсірген табиғи каучук бағасының өсуі деп көрсетіледі. Табиғи каучукті өндіру технологиялары да жетілдірілуде. Қазір табиғи каучуктан алынған резеңке синтезделген каучуктан жасалған резеңкеден сапасы жоғары болады деп саналады.', 'https://www.rubicom.su/upload/webp-cache/upload/iblock/733/7333ca1a995e44563c09bb0e266a3cb8.webp'),
(69, 'Курчатов Игорь Васильевич (1902-1960 г.)', 'Курчатов Игорь Васильевич-ученый, основатель атомной науки и техники в СССР, академик Академии Наук СССР, окончил физико-математический факультет Крымского университета.<br/>\r\nПервые научные работы Курчатова посвящены сегнетоэлектрическим явлениям. С 1933 года занимался вопросами физики атомного ядра. Он открыл явление разветвления ядерных реакций, возникающих в результате нейтронных извержений; в сотрудничестве со своими научными сотрудниками он наблюдал явление ядерной изомерии в искусственных радиоактивных изотопах. В результате своих исследований с российскими физиками К. А. Петржаком и Г. Н.Флеровым было обнаружено явление спонтанного деления урана. Под его руководством в Москве были созданы первый циклотрон, первый атомный реактор в Европе, первая промышленная атомная электростанция в мире и крупнейшая установка для изучения управления термоядерными реакциями, а также первая советская атомная бомба и первый термоядерный реактор в мире. Руководил работами по испытаниям атомной бомбы на Семипалатинском ядерном полигоне. Трижды получал звание лауреата Ленинской премии, Государственной премии СССР, Героя Социалистического Труда. 5 раз награжден орденом Ленина, и ещё другими орденами и медалями. Именем Курчатова назван город в Павлодарской области, Физ-тех. институт в Санкт-Петербурге.<br><br/>\r\n«Казахская энциклопедия»', 'https://upload.wikimedia.org/wikipedia/commons/thumb/a/a3/Igor_Kurchatov_001.png/274px-Igor_Kurchatov_001.png'),
(70, 'Курчатов Игорь Васильевич (1902-1960 ж.ж.)', 'Курчатов Игорь Васильевич – ғалым, КСРО-дағы атомдық ғылым мен техниканың негізін салушы, КСРО Ғылым Академиясының академигі, Қырым университетінің физика-математика факултетін бітірген. <br/>\r\nКурчатовтың алғашқы ғылыми жұмыстары сегнетоэлектрлік құбылыстарға арналған. 1933 жылдан бастап атом ядросы физикасының мәселелерімен айналысты. Ол нейтронмен атқылау нәтижесінде пайда болатын ядролық реакциялардың тармақталу құбылысын ашты; өзінің ғылыми қызметкерлерімен бірлесе отырып, жасанды радиоактивті изотоптардағы ядролық изомерия құбылысын байқады. Орыс физиктері К.А. Петржак және Г.Н. Флеровпен бірге жүргізген зерттеулерінің нәтижесінде уранның өздігінен бөліну құбылысын ашты. Оның басшылығымен Мәскеуде алғашқы циклотрон, Еуропадағы бірінші атом реакторы, дүние жүзіндегі бірінші өндірістік атом электр станциясы және термоядролық реакцияларды басқаруды зерттеуге арналған аса ірі қондырғы құрылып, кеңестік бірінші атом бомбасы мен дүние жүзіндегі бірінші термоядр. бомба жасалды. Семей ядролық полигонында жүргізілген атом бомбасын сынау жұмыстарына басшылық жасады. Лениндік сыйлықтың, КСРО Мемлекеттік сыйлығының лауреаты, Социалистік Еңбек Ері атағын үш рет алған. 5 рет Ленин орденімен, т.б. орден және медальдармен марапатталған. Курчатов есімімен Павлодар облысындағы қала, Санк-Петербургтегі Физ.-тех. институты, т.б. аталған.<br><br/>\r\n«Қазақ энциклопедиясы»', 'https://upload.wikimedia.org/wikipedia/commons/thumb/a/a3/Igor_Kurchatov_001.png/274px-Igor_Kurchatov_001.png'),
(71, 'Вина Айбека', 'Айбек учится в пятом классе. Однажды в школе что-то испортил и хотел рассказать матери. Но не мог сразу сказать. Смущается (потому что знает что получить люлей). Несмотря на то, что на его черном лице не было видно покраснения, его глаза, бегущие влево-вправо, говорят все за него. <br/>\r\nМать: <br/>\r\n- Что случилось? <br/>\r\n- Ничего. <br/>\r\n- Ты ведь что-то испортил в школе. <br/>\r\n- Нет, не испортил. <br/>\r\n- Что там случилось? <br/>\r\n- Девушка бросила мне сумку. <br/>\r\n- И? <br/>\r\n- И ещё... <br/>\r\n- Ещё? <br/>\r\n- Не в силах удержать сумку, я разбил школьное окно, - сказал Айбек и стараясь не получить люлей, спешно сбежал.', 'https://avatars.dzeninfra.ru/get-zen_doc/1931033/pub_61643f6eaa245b319709b012_61643f7aebc3bd4b5d3f7a14/scale_1200'),
(72, 'Айбектің кінәсі', 'Айбек бесінші сыныпта оқып жүр. Бір күні мектепте бір нәрсені бүлдіріп қойғанын анасына айтып жеткізбекші. Бірден айта алмады. Ұялады (таяқ жейтінін де біледі). Қара бетінде қызарғаны көрінбесе де, ұяты қысқан кезде солға-оңға қашқан көзі ол үшін бәрін айтып жатыр. <br/>\r\nАнасы: <br/>\r\n-Не болып қалды? <br/>\r\n-Түк болған жоқ. <br/>\r\n-Мектепте бірдеңе бүлдіріп қойғансың ғой. <br/>\r\n-Жоқ, бүлдірген жоқпын. <br/>\r\n-Онда не болды? <br/>\r\n-Бір қыз маған сөмкемді лақтырды. <br/>\r\n-Бар болғаны сол ма? <br/>\r\n-Жоқ, ол ғана емес. <br/>\r\n-Енді? <br/>\r\n-Сөмкемді ұстай алмай, мектеп терезесін шағып алдым, - деп, анасы түсініп болғанша, таяқ жемейін деп қаша жөнеледі.', 'https://avatars.dzeninfra.ru/get-zen_doc/1931033/pub_61643f6eaa245b319709b012_61643f7aebc3bd4b5d3f7a14/scale_1200'),
(74, 'Электронная игра Тетрис', 'Историческая справка. Тетрис-творение Союза Советских Социалистических Республик, изобретенный Алексеем Пажитновым, был представлен народу 6 июля 1984 года. Название игры состоит из двух слов «тетрамино» и «теннис».<br/>\r\nВ СССР в качестве компьютерной игровой программы встречались бытовые персональные компьютеры. В начале 1990-х годов стала самой распространенной консольной игрой.<br/>\r\nИгровой процесс. Внутри вертикального прямоугольника, разделенного сетчаткой, происходит игра. Сверху вниз фигура тетрамино сама по себе скользит вниз по одной сетчатке. Игрок изменяет ориентацию тетрамино, скользящего вниз, в горизонтальном направлении и пространстве с помощью рычага управления. Движение Тетрамино прекращается, когда вы достигаете нижнего края поля или блоков тетрамино, расположенных перед ним. После того, как Тетрамино находится на игровом поле, второй тетрамино появляется над полем, и игра продолжается.<br/>\r\nИгрок получает очко, когда дорога, пересекающая игровое поле в горизонтальном направлении от глаз сетки тетрамино, скользящих вниз, после чего исправленная дорога удаляется. Таким образом, игровое поле расширяется, игровое время растягивается, но если пути не выпрямляются, тетрамино продолжают располагаться друг на друге, игровое поле заполняется до верха, после чего игра заканчивается.<br><br/>\r\nИгровая привлекательность определяется четырьмя факторами:<br/>\r\n1) в ходе игры один из семи видов тетрамино случайно появляется над игровым полем, за короткое время его необходимо разместить в рациональном месте.<br/>\r\n2) со временем скорость движения тетрамино также увеличивается.<br/>\r\n3) при размещении очередного тетрамино можно выпрямить сразу две или три строки, в связи с чем количество очков дается значительно больше. Например, если 100 баллов присуждается при выпрямлении одной строки, 1500 баллов присуждается при выпрямлении сразу трех строк.<br/>\r\n4) можно улучшить показатели баллов.', 'https://basket-01.wbbasket.ru/vol125/part12596/12596849/images/big/1.webp'),
(75, 'Тетрис электронды ойыны', 'Тарихи анықтама. Тетрис Совет Социалистік Республикалар Одағының туындысы, ойлап тапқан Алексей Пажитнов, 1984 жылы 6 шілде күні халыққа таныстырыпты. Ойын атауы екі сөзден құралған «тетрамино» және «теннис».<br/>\r\nКомпьютерлік ойын программасы ретінде ССРО-да тұрмыстық дербес компьютерлерде кездесті. 1990 жылдардың басында ең кең тараған консольдік ойынға айналды.<br/>\r\nОйын үрдісі. Іші тор көздерге бөлінген тік төртбұрыш ішінде ойын жүреді. Үстінгі жағынан төмен қарай тетрамино фигурасы өздігінен бір тор көзге төмен сырғып, жылжиды. Ойыншы басқару тетігінің көмегімен төмен сырғыған тетраминоның горизонталь бағытта және кеңістікте бағытталуын өзгертеді. Тетрамино қозғалысы алаңның төменгі шетіне немесе одан бұрын орналасқан тетрамино блогтарына жеткенде тоқталады. Тетрамино ойын алаңында орналасқаннан кейін, екінші тетрамино алаңның үстінгі жағынан пайда болады да, ойын жалғаса береді.<br/>\r\nТөмен сырғып түскен тетраминолардың тор көздерінен горизонталь бағытта ойын алаңын кесіп өтетін жол жиналғанда ойыншыға ұпай беріледі, одан кейін түзелген жол жойылады. Осылайша ойын алаңы кеңейтіліп ойын уақыты созылады, бірақта жолдар түзелмесе тетраминолар бір-бірінің үстіне орналаса берген соң ойын алаңы үстіне дейін толады, сол кезде ойында аяқталады.<br><br/>\r\nОйын тартымдылығы төрт фактормен анықталады:<br/>\r\n1) Ойын барысына тетраминонаның жеті түрінің біреуі ойын алаңының үстінде кездейсоқ пайда болады, аз уақыт ішінде оны ұтымды орынға орналастыру керек.<br/>\r\n2) Уақыт өткен сайын тетраминоның қозғалу жылдамдығы да арта түседі.<br/>\r\n3) Кезекті тетраминоны орналастырған кезде бірден екі немесе үш жол түзеуге болады, осыған байланысты ұпай саны әлдеқайда артық беріледі. Мысалы бір жол түзелгенде 100 ұпай берілсе бірден үш жол түзелгенде 1500 ұпай беріледі.<br/>\r\n4) Ұпай көрсеткіштерін жақсартуға болады.', 'https://basket-01.wbbasket.ru/vol125/part12596/12596849/images/big/1.webp'),
(76, 'Элли в удивительной стране жевунов', 'Элли проснулась оттого, что песик лизал ей лицо горячим мокрым язычком и скулил. Сначала ей показалось, что она видела удивительный сон, и Элли уже собралась рассказать о нем матери. Но, увидев опрокинутые стулья, валявшуюся на полу печку, Элли поняла, что все было наяву.<br/>\r\nДевочка спрыгнула с постели. Домик не двигался. Солнце ярко светило в окно. Элли подбежала к двери, распахнула ее и вскрикнула от удивления.<br/>\r\nУраган занес домик в страну необычайной красоты. Вокруг расстилалась зеленая лужайка, по краям ее росли деревья со спелыми сочными плодами; на полянках виднелись клумбы красивых розовых, белых и голубых цветов. В воздухе порхали крошечные птицы, сверкавшие ярким оперением. На ветках деревьев сидели золотисто-зеленые и красногрудые попугаи и кричали высокими странными голосами. Невдалеке журчал прозрачный поток, в воде резвились серебристые рыбки.<br/>\r\nПока девочка нерешительно стояла на пороге, из-за деревьев появились самые забавные и милые человечки, каких только можно вообразить. Мужчины, одетые в голубые бархатные кафтаны и узкие панталоны, ростом были не выше Элли; на ногах у них блестели голубые ботфорты с отворотами. Но больше всего Элли понравились остроконечные шляпы: их верхушки украшали хрустальные шарики, а под широкими полями нежно звенели маленькие бубенчики.<br><br/>\r\nВолков А.М.', 'https://shkolnaiapora.ru/wp-content/uploads/2019/01/%D0%A1%D1%82%D1%80%D0%B0%D0%BD%D0%B0-%D0%96%D0%B5%D0%B2%D1%83%D0%BD%D0%BE%D0%B2.png'),
(77, 'Элли сиқыршылар елінде', 'Элли бетін иті жалап жатқаннан оянып кетті. Бастапқыда ол таңғажайып түс көргендей болып, анасына айтуға ұмтылды. Бірақ төңкерілген орындықтар мен еденде жатқан пешті көргенде, Элли барлығының шын мәнінде болғанын түсінеді.<br/>\r\nҚыз орнынан тұрды. Үй қозғалмады. Терезеден күн жарқырап тұрды. Элли есікке жүгіріп барып, ашқан кезде, таңданғаннан айқайлап жіберді. <br/>\r\nДауыл үйді ерекше сұлу елге әкеліпті: айналасында жасыл көгалдар жайылған, оның шетінде жемістері пысып тұрған ағаштар өскен, алаңқайда әдемі қызғылт, ақ және көк гүлзарлар көрінді. Аспанда қанаттары жарқыраған, кішкентай құстар ұшып жүрді. Ағаш бұтақтарында алтын, жасыл, қызыл түсті попугайлар түсініксіз дауыспен ән шырқап отырды. Жақын жерде мөлдір өзен ағып жатты, ішінде күміс балықтар жүзіп жүрді. <br/>\r\nҚыз табалдырықта екіойлы болып тұрғанда, ағаштар арасынан сүйкімді кішкентай адамдар пайда болды. Көк барқыт кафтан мен тар панталон киген ер адамдар Эллиден биік емес еді, олардың аяқтарында әдемі көк етік жарқырап тұрды. Бірақ Эллиге ең қатты ұнағаны бас киім болды, шыңдары хрусталь шарлармен безендірілген, ал кең жиектердің астында кішкентай қоңыраулар сыңғырлап тұрды.<br><br/>\r\nВолков А.М.', 'https://shkolnaiapora.ru/wp-content/uploads/2019/01/%D0%A1%D1%82%D1%80%D0%B0%D0%BD%D0%B0-%D0%96%D0%B5%D0%B2%D1%83%D0%BD%D0%BE%D0%B2.png'),
(78, 'Пора идти в школу', 'Подумать только, как быстро время летит! Не успел я оглянуться, как каникулы кончились и пришла пора идти в школу. <br/>\r\nЦелое лето я только и делал, что бегал по улицам да играл в футбол, а о книжках даже позабыл думать. То есть я читал иногда книжки, только не учебные, а какие-нибудь сказки или рассказы, а так чтоб позаниматься по русскому языку или по арифметике - этого не было.<br/>\r\nПо казахскому я и так хорошо учился, а математику не любил. Хуже всего для меня было - это задачи решать. Учительница даже хотела дать мне работу на лето по математике, но потом пожалела и перевела в четвертый класс так, без работы.<br/>\r\n- Не хочется тебе лето портить, - сказала она. - Я переведу тебя так, но ты дай обещание, что сам позанимаешься по математике летом.<br/>\r\nЯ, конечно, обещание дал, но, как только занятия кончились, вся математика выскочила у меня из головы, и я, наверно, так и не вспомнил бы о ней, если б не пришла пора идти в школу. Стыдно было мне, что я не исполнил своего обещания, но теперь уж все равно ничего не поделаешь.<br/>\r\nНу и вот, значит, пролетели каникулы! В одно прекрасное утро - это было первого сентября - я встал пораньше, сложил свои книжечки в сумку и отправился в школу. В этот день на улице, как говорится, царило большое оживление. Все мальчики и девочки, и большие и маленькие, как по команде, высыпали на улицу и шагали в школу. Все такие счастливые.<br><br/>\r\nНосов Н.', 'https://www.gov.kz/uploads/2020/9/25/6755db72420955675b2dc707ce2e9a60_original.97441.jpg'),
(79, 'Мектепке баратын уақыт келді', 'Уақыт недеген тез өтеді! Демалыстың біткенін байқамайда қалыппын, мектепке баратын кез келді.<br/>\r\nЖаз бойы көше кезіп, футбол ойнадым, ал кітаптар болса жайына қалды. Кейде кітап оқитынмын, бірақ ертегілер мен әңгімелер ғана, ал қазақ тілі мен математиканы мүлдемге қарамадым. Қазақ тілінен жақсы оқитынмын, ал математиканы ұнатпадым. Мен үшін ең қиын нәрсе - бұл есептерді шешу. Математика мұғалімім маған қосымша тапсырма бермекші болған, бірақ кейін мені аяп, тапсырмасыз төртінші сыныпқа ауыстырды.<br/>\r\n- Жазғы демалысынға кедергі жасағым келмейді, - деді апай. - Мен сені келесі сыныпқа жіберемін, бірақ жазда математикадан есеп шығарамын деп уәде бер.<br/>\r\nМен, әрине, уәде бердім, бірақ оқу аяқталғаннан кейін математика менің басымнан шығып кетті, егер мектепке баратын уақыт келмесе, мен оны ешқашан есіме түсірмейтін едім. Мен берген уәдемді орындамағаныма қатты ұялдым, бірақ қазір ештеңе де өзгерте алмайсың.<br/>\r\nМіне, демалыста зымырап өте шықты! Бүгін бірінші қыркүйек - мен әдеттегіден ерте тұрып, мектепке бет алдым. Бұл күні көше жанданып тұрды. Ұлдар мен қыздар, үлкені де, кішісі де көшеде тізіліп мектепке қарай бара жатыр. Бәрі де көңілді.<br><br/>\r\nНосов Н.', 'https://www.gov.kz/uploads/2020/9/25/6755db72420955675b2dc707ce2e9a60_original.97441.jpg'),
(83, 'Кладбище мамонтов', 'Большой Ляховский остров замечателен по своему геологическому составу. Его четыре плоские, но скалистые вершины, вернее – группы вершин, состоят из гранита, а вся остальная площадь – из мягких четвертичных отложений. Поэтому многочисленные ручьи и речки, стекающие с вершин и врезывающиеся глубоко в эти мягкие толщи, расчленили остров на множество холмов и холмиков, почти лишенных растительности. В течение короткого лета поверхность острова представляет глинистую моховую тундру с отдельными сугробами снега в более глубоких оврагах и долинах на склонах, обращенных к северу. Те же мягкие толщи слагают берега острова, омываемые прибоем волн и потому представляющие длинные или короткие отвесные или даже нависающие обрывы, прерываемые долинами ручьев и речек. Эти толщи сверху донизу скованы вечной мерзлотой, оттаивающей летом на очень небольшую глубину.<br/> \r\nОттаявшие массы или сами сползают в море, или обрушиваются, подмытые волнами снизу, и таким образом море постепенно разрушает остров. И если бы не было вечной мерзлоты, сильно задерживающей этот процесс размыва, остров давно был бы уничтожен, за исключением его гранитного ядра. <br/>\r\nВ мягких толщах в изобилии попадаются бивни мамонтов, а местами даже целые трупы этих животных и их современников – длинношерстного носорога, первобытного быка, канадского оленя, лошади и многих других, – трупы, сохранившиеся в неприкосновенности, с шерстью, рогами, внутренностями, благодаря вечной мерзлоте. Но вследствие оттаивания последней летом на некоторую глубину ручьи и речки вымывают из нее трупы, отдельные кости, бивни и выносят их к устью, на берег моря. Точно так же в береговых обрывах при их оттаивании и подмыве то тут, то там обнаруживаются трупы или кости вымерших животных, в конце концов также попадающих в море, которое хоронит их вторично под своими наносами. Только трупы эти зачастую уничтожаются хищными птицами и животными, не брезгающими мясом, пролежавшим десятки тысяч лет в замороженном виде.<br><br/>\r\nОбручев В.', 'https://s9.travelask.ru/uploads/post/000/035/179/main_image/full-a0d68e2eed901f005af9b64c58986a76.jpg'),
(84, 'Мамонттар аралы', '«Большой Ляховский» аралы өзінің геологиялық құрамы бойынша керемет. Оның төрт тегіс, бірақ жартасты шыңдары граниттен тұрады, ал қалған бөлігі жұмсақ төрттік шөгінділерден құралған. Сондықтан шыңдардан ағып жатқан көптеген өзендер мен бұлақтар, осы жұмсақ топыраққа терең еніп, аралды өсімдіктерсіз көптеген төбелер мен төбешіктерге бөлді. Жазда аралдың бетін, солтүстікке қараған беткейлердегі тереңірек сайлар мен аңғарларды сазды мүк тундрасы жауып жатады. Сол жұмсақ топырақтар жоғарыдан төменге дейін, жазда азғантай ғана еритін мәңгілік мұздықтармен қоршалған. <br/>\r\nЕріген массалар теңізге сырғып кетеді немесе төмендегі толқындар шайып кетеді, осылайша теңіз аралды біртіндеп бұзып жатыр. Егер бұл эрозия процесін кешіктіретін мәңгілік мұз болмаса, аралдың гранит ядросы ғана қалып, баяғыда жойылып кетуші еді.<br/> \r\nТопырақтың жұмсақ жерлерінде мамонттардың тістері көптеп кездеседі, ал кейбір жерлерде мамонттар мен олардың замандастарының мәйіттері - жүнді мүйізтұмсық, қарабайыр бұқа, канадалық бұғы, жылқы және тағы басқаларының жүндері, мүйіздері, ішектері мәңгілік мұздықтардың арқасында жақсы сақталып қалған. Бірақ соңғы жаз кезінде мұздықтардың еру салдарынан ағындар мен өзендер жағалауға мәйттерді шығарып тастайды. Сол сияқты, толқындар жануарлардың мәйіттері мен сүйектерін теңізге түсіріп, оларды қайтадан шөгінділердің астына көмеді. Жағада қалып қойғандарын жыртқыш құстар мен аңдар азық қылады.<br><br/>\r\nОбручев В.', 'https://s9.travelask.ru/uploads/post/000/035/179/main_image/full-a0d68e2eed901f005af9b64c58986a76.jpg'),
(85, 'Неожиданная атака', 'На расстоянии двадцати — двадцати пяти метров от скалы и дальше, до пределов видимости, все дно ущелья было покрыто кроваво-красным паркетом из многочисленных шестиугольных панцирных щитков, ощетинившихся густой шевелящейся порослью огромных, массивных клешней.<br/>\r\nПолчища гигантских крабов заполняли все пространство между камнями и обломками скал, стояли на них, висели, вцепившись когтями в каждый их выступ и углубление. Далеко выдавшиеся вперед выпуклые глаза сверкали под лучом прожектора, словно крупные агатовые желуди. Крабы неподвижно стояли на своих высоких суставчатых ногах, как будто ослепленные ярким голубым светом прожектора.<br/>\r\nЭто зрелище длилось всего лишь несколько секунд, но оцепеневшему Павлику показалось, что прошла вечность. Конус света скользнул над дном и повернулся к стене ущелья. Тьма как будто еще более сгустилась. Павлик стоял, не в силах пошевельнуться, скованный страхом и растерянностью. Чего хотят крабы? Куда они идут? Не взберутся ли они сюда, к Павлику, на скалу? Павлику представились высота скалы, его убежища, ее почти отвесные гладкие бока, и он немного успокоился, продолжая всматриваться в темноту. <br/>\r\nОписав круг, прожектор вернулся и опять ударил своими голубыми лучами в дно. За этот короткий промежуток времени крабы оказались уже почти у самой скалы и вновь застыли, ослепленные ярким светом. Но их первые ряды в сумраке не захваченного световым конусом пространства шевелились у подножия скалы, и Павлик мог различить, как они пытаются вскарабкаться по ее крутым скатам. У Павлика замерло сердце. Свет прожектора слепит их… Нужно остановить прожектор!<br/>\r\nПавлик нажал кнопку на колонке, и конус света застыл на месте, выхватив у дна из черной тьмы огромный круг, весь покрытый красными панцирями с шевелящимся лесом клешней, но в рассеянном свете по бокам, поближе к обеим стенам ущелья, Павлик заметил продолжающееся смутное движение. <br/>\r\nОхваченный ужасом при виде этой хитрости и упорства врага, Павлик стоял в оцепенении, и беспорядочные мысли заметались в его мозгу: «Надо вызвать на помощь товарищей. Но они уже, наверно, далеко ушли… Пока прибегут, будет поздно… Крабы взберутся на вершину… Что делать? Что делать?» Павлик готов был уже крикнуть, позвать комиссара.<br/>\r\nОт неожиданной мысли сразу отлегло и радостно забилось сердце:<br/>\r\n«Винт!.. Заспинный мешок!.. Подняться над скалой… Это же совсем просто!.. Ни одному крабу не достать!»<br/>\r\nПавлик быстро опустил руку к патронташу; но сейчас же пальцы замерли на спасительной кнопке, не нажав ее.<br/>\r\n«А прожектор?… Бросить прожектор? Убежать с поста? Нельзя! Они могут порвать провода. Отряд лишится маяка. Нет, нет! Ни за что! Что же делать?»<br/>\r\nПавлик бросил взгляд вниз. Пирамида быстро росла все выше, все ближе к вершине. Живым непрерывным потоком лезли наверх крабы с лесом грозно поднятых огромных, страшных клешней. Еще два уступа — и они зальют вершину скалы, опрокинут Павлика и…<br/>\r\nВдруг Павлик даже выругал себя: «Ах, дурак! Как можно было забыть об этом!.. Как можно было так растеряться!»<br/>\r\nОн сорвал с пояса ультразвуковой пистолет, навел его на пирамиду крабов и нажал первую кнопку сверху — «органика». Сразу замерли верхние ряды крабов, подогнулись под ними высокие коленчатые ноги, бессильно упали поднятые кверху клешни. В следующий момент вся пирамида рассыпалась, как карточный домик, и крабы со скрюченными, поджатыми ногами безжизненно покатились вниз. Павлик тихо, сам не сознавая этого, смеялся и упоенно водил зигзагами дуло пистолета справа налево, слева направо, все дальше и дальше от скалы.<br><br/>\r\nАдамов Г.', 'https://img.freepik.com/premium-photo/a-crab-on-the-beach-at-sunset_849715-4371.jpg');
INSERT INTO `contexts` (`context_id`, `context_title`, `context_content`, `context_image_url`) VALUES
(86, 'Күтпеген шабуыл', 'Жартастан жиырма - жиырма бес метр қашықтықта және одан әрі, көріну шегіне дейін, шатқалдың бүкіл түбінде көлемді алқызыл түстес қысқыштар көрінді. <br/>\r\nАлып шаяндар жартастар арасындағы қуыстарды толтырып, олардың шығыңқы жері мен ойықтарға тырнақтарымен жабысып тұр. Алдыға қарай шығыңқы дөңес көздер прожектор сәулесінің астында жарқырап тұрды. Прожектордың ашық көк сәулесінен соқыр болып қалғандай, шаяндар қозғалыссыз тұрып қалды. <br/>\r\nБұл көрініс бірнеше секундқа созылды, бірақ орнында қатып қалған Павликке өте ұзақ уақыт өткендей болды. Прожектордың жарығы шатқалдың қабырғасына қарай бұрылды. Қараңғылық одан сайын түнергендей. Павлик қатты қорыққанынан орнынан қозғала алмады. Шаяндарға не керек? Олар қайда барады? Олар жартасқа көтерілсе не болады? Павлик жартасқа қарап, оның биік екенін, жақтары мөлдір тегіс екенін көріп, біраз тынышталды. <br/>\r\nПрожектор жарығы айналып келіп, жартас түбіне ашық көк сәулесін шашты. Осы қысқа уақыт ішінде шаяндар жартасқа жетейін деп қалыпты, сәулені көргенде қайтадан қатып қалды. Бірақ сәуле түспеген жерлердегі шаяндар Павликке қарай өрмелеп келе жатты. Павликтің жүрегі тез соғып кетті. Прожектордың сәулесі оларды соқыр етеді... прожекторды тоқтату керек! <br/>\r\nПавлик түймені басып еді, прожектор сәулесі бір орнында қатып қалды, ал сәуле түспеген басқа жерлерден шаяндар тездетіп өрмелеп келе жатыр. <br/> \r\nЖаудың келе жатқанын көріп, Павлик не істерін білмей тұрғанда, ойына: «Жолдастарымды көмекке шақыру керекпін. Бірақ олар алыстап кеткен шығар... Олар келгенше кеш болады... Шаяндар жартасқа шығып... Не істеймін? Не істеймін?». Павлик тура қазір комиссарды көмекке шақыруға дайын болды. <br/>\r\nКүтпеген ойдан тынышталып, жүрегі орнына келді: <br/>\r\n«Бұранда!.. Артқы қап!.. Жартастың үстіне шығу!.. Бұл өте оңай ғой!.. Бірде-бір шаян жете алмайды!». <br/>\r\nПавлик қапты алмақшы болып қолын апара бергенде қатып қалды. <br/> \r\n«Ал прожектор ше? Прожекторды тастап, посттан қашып кетемін бе? Олай болмайды! Жасақ маяктан айырылады! Жоқ, жоқ! Ешқашан да! Енді не істеймін?». <br/>\r\nПавлик төмен қарады. Шаяндар жақындап келеді. Енді екі қарыстан кейін жартасты шаяндар толтырады да, Павликті құлатып... <br/>\r\nКенеттен Павлик өзіне ұрысты: <br/>\r\n«Әй ақымақ! Бұл туралы қалай ұмыттың?» <br/>\r\nОл белдігіндегі ультрадыбыстық мылтықты жұлып алып, шаяндарға қарай беттеп, жоғары жағындағы бірінші түймені - «органиканы» басты. Шаяндар қатып қалды да, бірінен соң бірі құлай бастады. Павлик өзімен өзі күліп, мылтықты оңнан солға қарай, солдан оңға қарай жүргізе берді. Әлемдегі бар нәрсені ұмытып, қорқынышы үшін шаяндарды ата берді. <br><br/>\r\nАдамов Г.', 'https://img.freepik.com/premium-photo/a-crab-on-the-beach-at-sunset_849715-4371.jpg'),
(88, 'Электроавтомобиль Tesla Model S', 'В 2014 году в норвежском государстве было продано больше легковых автомобилей Tesla, чем Ford (2056 единиц Tesla, 1825 единиц Ford). Tesla продала на авторынке единственный легковой автомобиль (модель) Tesla Model S. <br/>\r\nОбратим внимание на знак «S» в названии автомобиля. По европейской системе систематизации легковых автомобилей с учетом существующих удобств и технических определений определены классы A, B, C, D, E, F, S, M, J. \"А\" - небольшие, недорогие легковые автомобили. Особый класс автомобилей \" S \" - спорткуп. Автопроизводители предлагают в этом классе самые новые технические решения, автомобили с лучшими техническими определениями. <br/>\r\nНа канале AutoreviewRu на Youtube главный редактор газеты «Авторевю» Михаил Подорожанский проводит сравнение Tesla Model S с автомобилем Porsche Cayman S класса S, вышедшим на одноименной автомашине. Porsche Cayman S разгоняется до 100 км/ч за прошедшие 5,2 секунды с момента движения. Tesla Model S требуется всего 4,4 секунды, чтобы показать такую цифру. Объем автомобиля соответствует автомобилям класса «Е» при весе 2 тонны. <br/>\r\nЧто меня интересовало, так это вопрос, подходит ли наш климат или нет. Поэтому я искал на Youtube видеоклипы, где оценивалось зимнее движение. Будучи электроавтомобилем, зимой Tesla Model S, судя по видео в интернете, на морозе -30ºС с полностью заряженными батареями проходит расстояние около 300 километров. Я был рад узнать, что при медленном движении клиренс увеличивается до 155 милиметров. Общий клиренс варьируется от 100 до 155 милиметров в зависимости от скорости. Приводящую в движение автомобиль ходовую часть и кузов продолжает пневматическая подвеска. Коробки скоростей нет, на ее месте стоит редуктор. <br/>\r\nВ целом радует что такой авто существует. Цена 100 000 $, любой из нас не купит, но этот автомобиль явно демонстрирует возможности электроавтомобилей. <br/>', 'https://avatars.mds.yandex.net/get-verba/1030388/2a0000016096a63c9241bcad9778e764150b/cattouch'),
(89, 'Tesla Model S электроавтомобилі', '2014 жылы Норвегия мемлекетінде Tesla автомаркалы жеңіл көліктері Ford-тан көбірек саудаланылған (2056 дана Tesla, 1825 дана Ford). Tesla автонарықта жалғыз Tesla Model S жеңіл автокөлігін (моделін) саудалады.<br/>\r\nКөлік атауындағы «S» белгісіне көңіл аударайық. Еуропалық жеңіл автокөліктерді жүйелеу жүйесі бойынша қолданыстағы ыңғайлығын ескере және техникалық анықтамалары бойынша A, B, C, D, E, F, S, M, J кластары анықталған. «А» кішігірім, бағасы жағынан арзан жеңіл автокөліктер. «S» ерекше автокөлік класы - спорткупе. Автокөлік жасаушылар бұл класта техникалық шешімдердің ең жаңасын, техникалық анықтамалары жоғарғы автокөліктерді ұсынады. <br/>\r\nYoutube –тағы AutoreviewRu арнасында «Авторевю» газетінің бас редакторы Михаил Подорожанский Tesla Model S-ті атақты автомаркамен шыққан S класты Porsche Cayman S автокөлігімен салыстыру жүргізеді. Porsche Cayman S орнынан қозғалғаннан бастап өткен 5,2 секунд ішінде жылдамдығы 100 км/сағ жетеді. Tesla Model S осындай көрсеткіш көрсету үшін бар жоғы 4,4 секунд қажет. Автокөлік көлемі «Е» класты автокөліктерге сай салмағы 2 тонна бола тұра осындай көрсеткіш көрсетеді. <br/>\r\nМені қызықтырғаны, біздің климатқа жарайды ма, жарамайды ма деген сұрақ. Сондықтан қыстағы қозғалысы бағаланған бейнекөріністерді Youtube-тан іздеп көрдім. Электроавтомобиль бола тұра, қыста Tesla Model S ғаламтордағы бейнелерге сенсек, -30ºС аязда толық қуаттандырылған батареялармен 300 шақырымдай қашықтық жүріп өтетін көрінеді. Баяу қозғалғанда клиренс 155 милиметрге дейін көтерілетінін біліп қуандым. Жалпы клиренс жылдамдыққа байланысты 100-155 милиметрге дейін өзгереді. Автомобильді қозғалысқа келтіретін жүру бөлігін және шанақты пневматикалық аспа жалғастырады. Жылдамдық қорабы жоқ, оның орнында редуктор тұр. <br/>\r\nЖалпы мұндай автокөліктің бары қуантады. Бағасы 100 000 $, кез-келгеніміз сатып алмаймыз, бірақ та бұл автокөлік электроавтомобильдердің мүмкіншілігін ап-анық көрсетіп тұр. <br/>', 'https://avatars.mds.yandex.net/get-verba/1030388/2a0000016096a63c9241bcad9778e764150b/cattouch'),
(90, 'Чем отличается понедельник?', 'Когда мы слышим слово \"понедельник\", многие из нас представляют себе людей, спешащих на работу в первый день недели, и детей, идущих в школу. Этот день также называют «Тяжелым днем». Есть даже плохие суеверия, такие как: «Если ты одолжишь в этот день, потеря будет большой, а если собираешься в поездку, то потерпишь неудачу».<br/>\r\nЗначение названий дней недели.<br/>\r\nДни недели в кипчакском степи до образования казахского языка назывались – день сабата (суббота), йакшанбе (йак – один, шанбе – суббота), душанбе (ду – два, шанбе – суббота), сешанбе (се — три, шанбе-суббота), чоршанбе (чор-четыре, шанбе-суббота), бешшанбе (беш-пять, шанбе-суббота), зеркало (пятница).<br/>\r\nА после образования казахского языка из своих оригинальных слов он дал названия дням недели. Они называются: сегодня (первый день), завтра (второй день), послезавтра (третий день), день арки (четвертый день), тяжелый день (пятый день), последний день (шестой день), азына (седьмой день). Сегодня мы используем некоторые из этих слов, хотя и не так часто.<br/>\r\nВ настоящее время дни недели называются понедельник, вторник, среда, четверг, пятница, суббота, воскресенья. Слово «суббота» в конце каждого дня означает «день».<br/>\r\nКак и во многих странах, мы рассматриваем понедельник как первый день недели. По сути, понедельник означает «второй день» на арабском, греческом, иврите и португальском языках, поэтому этот день не является первым днем недели во всех странах на земле.<br><br/>\r\nӘбілмәжінова З.', 'https://kartinki.pibig.info/uploads/posts/2023-03/1680292394_kartinki-pibig-info-p-kartinki-ponedelnik-den-tyazhelii-smeshnie-6.jpg'),
(91, 'Дүйсенбі несімен ерекше?', '«Дүйсенбі» деген сөзді естіген кезде көпшілігіміздің көз алдымызға аптаның бірінші күні жұмысқа асыққан адамдар мен мектепке бара жатқан балалар елестейді. Бұл күнді «Ауыр күн» деп те атайды. Тіпті «Бұл күні қарыз берсең, шығын көп болады, ал жолға шықсаң, сәтсіздікке ұшырайсың» деген сияқты жаман ырымдар да бар.<br/>\r\nАптадағы күн атауларының мағынасы.<br/>\r\nҚазақ тілі қалыптаспай тұрып қыпшақ даласында апта күндері сабат күні (сенбі), йакшанбе (йак – бір, шанбе – сенбі), душанбе (ду – екі, шанбе – сенбі), сешанбе (се – үш, шанбе — сенбі), чоршанбе (чор – төрт, шанбе – сенбі), бешшанбе (беш – бес, шанбе – сенбі), айна (жұма) деп аталған. Ал қазақ тілі қалыптасып болғаннан кейін өзінің төл сөздерінен апта күндеріне атаулар берген. Олар былай аталады: бүгін (бірінші күн), ертең (екінші күн), бүрсігүні (үшінші күн), арғыкүні (төртінші күн), ауыр күн (бесінші күн), соңғы күн (алтыншы күн), азына (жетінші күн). Бүгінде бұл сөздердің кейбірін жиі болмаса да қолданып тұрамыз.<br/>\r\nҚазіргі уақытта апта күндері дүйсенбі, сейсенбі, сәрсенбі, бейсенбі, жұма, сенбі, жексенбі деп аталады. Әр күннің соңындағы «сенбі» сөзі «күн» деген мағынаны білдіреді.<br/.\r\nКөптеген елдердегідей, біз де дүйсенбіні аптаның бірінші күні деп қарастырамыз. Негізінде дүйсенбі араб, грек, иврит және португал тілдерінде «екінші күн» деген мағынаны білдіреді, сол себепті де бұл күн жер бетіндегі барлық елдерде аптаның бірінші күні емес.<br/>\r\nӘбілмәжінова З.', 'https://kartinki.pibig.info/uploads/posts/2023-03/1680292394_kartinki-pibig-info-p-kartinki-ponedelnik-den-tyazhelii-smeshnie-6.jpg'),
(92, 'Нравится / Не нравится', 'Нравиться: звуки дождя; гроза; ветерок; необычайная тишина после окончания дождя; первый снег; смех младенцев; запах полыни; прогулки по Иртышу; чтение книг; восторг людей; ночной Алматы из Коктебеля; восхождение на гору Аблакетка; наблюдение за ночным Усть-Каменогорском; глядеть на широкую степь, которая, кажется, не имеет края; общение с людьми, которых я случайно встретил; люди, которые позволяют мне оставаться наедине, не задавая лишних вопросов в моменты разочарования; мелодии без слов; холодная вода; люди без масок; звезды моего родного города; тишина; простота; ночь.<br><br/>\r\nНе нравится: звук метели, слышимый в доме зимой; холод; застывший принцип (сидеть на работе с утра до вечера или не опаздать на занятия и сидеть до конца и т. д.); мысль о том «Что говорят другие люди?»; доказывать что-то другим; вопросы, связанные с религией; ждать; прощаться; неуместно спорить; нервничать; не говорить на родном языке (ложная честь); высокомерие; пить жидкие лекарства; паук; молчание; пустая надежда; звон часов; проходить пешеход (боюсь).<br><br/>\r\nӘбілмәжінова З.', 'https://media.istockphoto.com/id/1194090217/ru/%D1%84%D0%BE%D1%82%D0%BE/%D0%BD%D1%80%D0%B0%D0%B2%D0%B8%D1%82%D1%81%D1%8F-%D0%B8-%D0%BD%D0%B5-%D0%BD%D1%80%D0%B0%D0%B2%D0%B8%D1%82%D1%81%D1%8F-%D0%BF%D0%B0%D0%BB%D1%8C%D1%86%D1%8B-%D0%B2%D0%B2%D0%B5%D1%80%D1%85-%D0%B8-%D0%B2%D0%BD%D0%B8%D0%B7-%D0%B7%D0%BD%D0%B0%D0%BA-%D1%80%D1%83%D0%BA%D0%B8-%D0%BC%D1%83%D0%B6%D1%87%D0%B8%D0%BD%D1%8B-%D0%B8-%D0%B6%D0%B5%D0%BD%D1%89%D0%B8%D0%BD%D1%8B-%D0%B7%D0%B0%D0%BF%D1%8F%D1%81%D1%82%D1%8C%D0%B5-%D0%B2%D1%8B%D1%88%D0%BB%D0%BE-%D1%87%D0%B5%D1%80%D0%B5%D0%B7.jpg?s=612x612&w=0&k=20&c=pAKfWnDUozNGx77PANUiVmyENgcBdGkq2b4NqjAhpDY='),
(93, 'Ұнайды / Ұнамайды', 'Ұнайды: жауынның тырс – тырс еткен дыбысы, күннің күркілі, самал жел, жауын тоқтағаннан кейінгі ерекше тыныштық, алғашқы қар, сәбилердің күлгені, жусан иісі, Ертістің бойында серуендеген, кітап оқыған, адамдарды қуанту, Көктөбеден түнгі Алматыны, Аблакетка тауына шығып түнгі Өскеменді тамашалау, жолға шыққанда шеті де, шегі де жоқ болып көрінетін кең далаға қарап отыру, тыныштық, кездейсоқ танысқан адамдармен сөйлесу, көңілім құлазыған сәттерде артық сұрақ қоймай, оңаша қалуға мүмкіндік беретін адамдар, сөзі жоқ әуендер, суық су, бетпердесіз адамдар, туған жерімнің жұлдыздары, үнсіздік, қарапайымдылық, түн. <br><br/>\r\nҰнамайды: қыста үйге естілетін боранның уілдеген дыбысы, суық, қатып қалған қағида (таңнан кешке дейін жұмыста отыру немесе сабаққа кешікпей келіп, соңына дейін отыру т.б), «басқа адамдар не айтады?» деген ой, ұйықтаған кезде бастырылып қалу, басқаларға әлденені дәлелдеу, дінге қатысты сұрақтар, күту, қоштасу, орынсыз дауласу, күйзеліске түсу, ана тілінде сөйлеуге арланатындар (жалған намыс), тәкаппарлық, сұйық дәрі ішу, өрмекші, үнсіздік, бос үміт, сағаттың тық – тық еткен үні, жолдан өту (қорқамын). <br><br/>\r\nӘбілмәжінова З.', 'https://media.istockphoto.com/id/1194090217/ru/%D1%84%D0%BE%D1%82%D0%BE/%D0%BD%D1%80%D0%B0%D0%B2%D0%B8%D1%82%D1%81%D1%8F-%D0%B8-%D0%BD%D0%B5-%D0%BD%D1%80%D0%B0%D0%B2%D0%B8%D1%82%D1%81%D1%8F-%D0%BF%D0%B0%D0%BB%D1%8C%D1%86%D1%8B-%D0%B2%D0%B2%D0%B5%D1%80%D1%85-%D0%B8-%D0%B2%D0%BD%D0%B8%D0%B7-%D0%B7%D0%BD%D0%B0%D0%BA-%D1%80%D1%83%D0%BA%D0%B8-%D0%BC%D1%83%D0%B6%D1%87%D0%B8%D0%BD%D1%8B-%D0%B8-%D0%B6%D0%B5%D0%BD%D1%89%D0%B8%D0%BD%D1%8B-%D0%B7%D0%B0%D0%BF%D1%8F%D1%81%D1%82%D1%8C%D0%B5-%D0%B2%D1%8B%D1%88%D0%BB%D0%BE-%D1%87%D0%B5%D1%80%D0%B5%D0%B7.jpg?s=612x612&w=0&k=20&c=pAKfWnDUozNGx77PANUiVmyENgcBdGkq2b4NqjAhpDY='),
(95, 'Новые друзья', 'Десятый класс. Воскресенье. Я убирала комнату и читала книгу. Кто-то постучал в дверь комнаты. Если бы я знала этого ребенка, который зашел внутрь, я бы не стала так близко общаться. Он был на один класс выше меня. Разгговор который начался со слов «Можно ли войти?» затянулся слишком долго. Часто встречаясь после этого знакомства, мы стали близкими друзьями. Внешне он не похож на человека, близкого к литературе: русскоязычный, прямолинейный, постоянно смеется, насмехается над кем-то, имеет привычку курить. Моя учительница каждый раз, когда видить его рядом со мной, ругает «Можно узнат человека, глядя на друга. Ты не нашла себе нормального друга?!».<br><br/>\r\nУчебный год вот-вот закончится. Он тоже выпуститься. Однажды я сказала ему, что хочу «пойти в Коктебе и посмотреть ночной Алматы». Он молчал. Через неделю произошло то чего я не ожидала. К полуночи я вышла из своей комнаты и писала стихотворение в кресле перед балконом:<br><br/>\r\n- Зарина!- раздался голос. Я испугался. Смотрю, напротив меня стоит Мерей.<br><br/>\r\n«Что он делает в общежитии для девочек поздно ночью, как он вошел?» пока я думала:<br/>\r\n- Быстро, быстро. Одевайся потеплее. Пойдем в Коктебе, - сказал он. Я в недоумении хотела спросить «Почему? Как?», меня перебили:<br/>\r\n- Быстрее, не лучше, если меня сейчас увидит дежурный, - сказал он. Я быстренко оделся. Спустились со второго этажа на первый, оказалось, что под лестницей на первом этаже есть запертая дверь, выходящая на улицу. Я не знаю, взломал ли мой друг этот замок или давно сломался, и мы каким-то образом вышли на улицу. Мое сердце начало учащаться. «Что произойдет, если охранник нас увидит?» такой мысль не дала спокойства. Рядом с нашей школой есть школа-интернат. Рядом с ним показались силуэты нескольких человек. Мерей взял с собой трех одноклассников (двух мальчиков и одну девочку). Пятеро из нас направились к Коктебе. Мы шли по дорогам, по которым раньше я не ходила. Добрались до места назначения. Оказывается, отсюда «Алматы выглядит как на ладони». Такой красивый вид, такой свежий воздух. Яркий свет в окнах городских зданий и приглушенный свет придорожных фонарей делают человека особенным. Как будто все небесная звезда расположилась именно здесь. <br/>\r\nОколо утра мы приехали во двор школы. Я помню, как вошла в комнату, а затем лег спать, положив голову на подушку. В тот день мы все пятеро «по разным причинам» не ходили на занятия. Позже отъезд в Коктебе стала привычкой для нас с Мерей, но не ночью, а убегали от некоторых уроков, которые нам не интересны. <br><br/>\r\nӘбілмәжінова З.', 'https://img.freepik.com/premium-photo/getting-to-know-your-classmates-new-friends-at-school_750792-482.jpg'),
(96, 'Жаңа достар', 'Оныншы сынып. Жексенбі. Бөлмені жинастырып, кітап оқып отыр едім. Бөлме есігін әлдекім қақты. Ішке кірген баланы сырттай танитыным болмаса, жақын араласып көрмегенмін. Ол менен бір сынып жоғары оқитын Мерей еді. «Кіруге бола ма?» дегеннен басталған әңгіме тым ұзаққа созылып кетті. Сол таныстықтан кейін жиі кездесетін біз жақын достарға айналдық. Сырт көзге әдебиетке жақын адамға ұқсамайды: орыс тілді, тік мінезді, үнемі күліп, әлдекімдерді келеке етіп жүреді, темекі шегетін әдеті бар. Менің жанымнан оны көрген сайын тәрбиешім «Адамды досына қарап таниды. Жөні түзу дос таппадың ба?!» деп ұрсатын.<br><br/>\r\nОқу жылы да аяқталып қалды. Оның мектеп қабырғасынан түлеп ұшар күні де таяды. Бірде оған «Көктөбеге барып, түнгі Алматыны тамашаласа ғой» деген тілегімді айтқанмын. Ол үнсіз қалды. Арада бір апта өткенде мен күтпеген жай болды. Түнгі он екіге қарай бөлмемнен шығып, балкон алдында тұрған креслода өлең жазып отыр едім:<br><br/>\r\n— Зарина!- деген дауыс шықты. Селт еттім. Қарасам, қарсы алдымда Мерей тұр. «Түннің бір уағында қыздар жатақханасында не істеп жүр, қалай кірді?» деген сұрақ мазалап отырған менің ойымды оның:<br><br/>\r\n— Тез, тез, қалың киініп шық. Көктөбеге барамыз,- деген сөзі бұзып жіберді. Мен «Неге? Қалай?» дей беріп едім:<br/>\r\n— Тезірек, қазір мені кезекші көріп қойса жақсы емес,- деді. Қалың киініп шықтым. Екінші қабаттан бірінші қабатқа түстік, бірінші қабаттағы баспалдақтың астында тысқа шығатын құлыптаулы есік бар екен. Досым сол құлыпты бұзып кірген бе, әлде бұрыннан бұзылған ба, ол жағын білмеймін, әйтеуір далаға шықтық. Жүрегімнің дүрсілі жиілей бастады. «Күзетші көріп қойса не болады?» деген ой маза бермей келеді. Біздің мектептің жанында мектеп – интернат бар. Соның жанына келгенде бірнеше адамның сұлбасы көрінді. Сөйтсем Мерей өзімен бірге үш сыныптасын ертіп алыпты (екі ұл, бір қыз). Бесеуміз Көктөбеге қарай бет алдық. Бұрын мен жүріп көрмеген жолдармен жүрдік. Көздеген жерге де жеттік. Шынымен де «Алматы алақандағыдай» болып көрінеді екен. Сондай әдемі көрініс, сондай таза ауа. Қала ғимараттарының терезесіндегі жарық пен жол бойындағы жалт – жұлт еткен шам жарығы адамды ерекше әсерге бөлейді. Құдды бір аспандағы жұлдыз атаулы жерге орналасып алғандай.<br/>\r\nТаңға жуық мектеп ауласына да келіп жеттік. Бөлмеге кіргенім есімде, ары қарай жастыққа басым тие салып ұйқыға кеттім. Сол күні «әр түрлі себептермен» бесеуміз де сабаққа бармаппыз. Кейін Көктөбеге кету Мерей екеуміздің әдетімізге айналды, бірақ түнде емес, іш пысатын кейбір сабақтардан қашып баратынбыз.<br><br/>\r\nӘбілмәжінова З.', 'https://img.freepik.com/premium-photo/getting-to-know-your-classmates-new-friends-at-school_750792-482.jpg'),
(97, 'Интерком «Хоттабыч»', '\"Хоттабыч\" (2006) – это фильм нового образца в жанре интерком в Россий. Интерком - это интернет комедия. Режиссер Петр Точилов.<br/>\r\nУспех фильма также зависит от его сценария. Сценарий написан по роману Сергея Кладо «Медный кувшин старика Хоттабыча». Краткое содержание фильма выглядит следующим образом.<br/>\r\nГород Москва, начало 2000-х годов. <br/>\r\nМолодой человек, Гена программист, хакер. Он атакует сайт Microsoft, используя свои знания. Также происходят неожиданные изменения в личной жизни. Возлюбленная, Лена, бросает его. Гена попадает в глаза пиратам. Разбойники с его помощью пытаются украсть много денег через интернет. За нападение на сайт Microsoft и совершение хулиганских действий его разыскивает спецслужба. <br/>\r\nМедный кувшин, который был продан на онлайн-аукционе в руках Гена. Он собиралься подарить его на день рождения Лены. Но сейчас Лены рядом нет. <br/>\r\nТрудности, с которыми он сталкивается, переплетаются, обостряются и превращаются в нерешенную проблему. Только сила магии может спасти Гену от подобной ситуации. <br/>\r\n- Что я теперь буду делать? Как мне решать эту проблему? - в соответствии с его пожеланиями, демон в медном кувшине невольно выхватывает свободу. Гена называет демона Хоттабычом. За освобождение из-под стражи внутри медного кувшина демон говорит, что исполнит три желания Гена. Таким образом, Хоттабыч и Гена вместе проводят много веселых моментов вместе. Ситуация в голове у Гена разрешилась положительно, и он влюбился в девушку-хакера. Вместо медного кувшина, который был домом для Хоттабыча, Гена находит для него совершенно новый дом. <br/>\r\nИз актеров, попавших в кино, Толоконников Владимир Алексеевич, играющий Хоттабыча, - личность индивидуальная. Заслуженный артист Казахской ССР. Актер Алматинского государственного академического театра драмы им.Лермонтова. <br/>\r\nРежиссер, который дал возможность зрителю поделиться своими радостями и радостью от неудач приятного персонажа, пробуждает в зрителях человеческие качества. Дарит хорошие эмоции кинозрителю в целом. Из серии успешных кинокомедий. <br/>', 'https://upload.wikimedia.org/wikipedia/ru/7/72/Hottabych.jpg'),
(98, '«Хоттабыч» интеркомы', '«Хоттабыч» (2006) жаңа үлгідегі Ресейдің интерком жанрындағы фильмі. Интерком дегендері интернет комедия. Режиссері Петр Точилов.<br/>\r\nКиноның сәтті шығуы оның сценарийіне де байланысты. Сценарий Сергей Кладоның «Хоттабыч шалдың жез құмырасы» романы негізінде жазылған. Киноның қысқаша мазмұны келесідей. <br/>\r\nМосква қаласы, 2000 жылдардың басы. <br/>\r\nЖас жігіт, Гена программист, хакер. Ол өз білімін пайдаланып Microsoft сайтына шабуыл жасайды. Сонымен қатар жеке өмірінде күтпеген өзгерістер болады. Сүйіктісі, Лена, оны тастап кетеді. Гена қарақшылардың көздеріне түседі. Қарақшылар болса оның көмегімен ғаламтор арқылы көп ақша ұрламақшы. Microsoft сайтына шабуыл жасап, бұзақылық әрекет жасағаны үшін оны арнаулы қызмет іздеп-тауып, соңына түседі. <br/>\r\nГенаның қолында онлайн аукционда саудаланған жез құмыра. Оны Ленаның туған күніне сыйламақшы болған. Бірақ қазір Лена қасында жоқ. <br/>\r\nОның басына төнген қиындықтар бір-біріне қосыла, шиеленісіп, шешімі жоқ мәселеге айналып барады. Осындай жағдайдан Генаны тек сиқырдың құдіреті ғана құтқаруы мүмкін. <br/>\r\n– Енді не істедім? Қалай шешуін таптым? -деген тілеуіне сай жез құмырадағы сиқыршы жынды бостандыққа байқаусыздан шығарып алады. Гена жынды Хоттабыч деп атайды. Жез құмыраның ішіндегі қамаудан босатқаны үшін жын Генаның үш тілегін орындайтынын айтады. Осылайша Хоттабыч пен Гена бірге бастарынан көп қызықты сәттерді өткізеді. Генаның басындағы жағдайлар оң шешіліп өзі секілді хакер қызға ғашық болып, сонымен табысады. Хоттабычке үй болған жез құмыраның орнына Гена оған жаңа үй табады. <br/>\r\nКиноға түскен актерлер ішінен Хоттабычты сомдайтын Толоконников Владимир Алексеевич жеке дара тұлға. Қазақ ССР еңбек сіңірген әртісі. Алматының Лермонтов атындағы мемлекеттік академиялық драма театрының актері. <br/>\r\nКөрерменге жағымды кейіпкердің сәтсіздігіне жанын ашытқызып, қуанса қуаныштарына ортақ болуына мүмкіншілік жасаған режиссер көрермендердің адами қасиеттерін оятады. Жалпы кино көрерменіне жақсы эмоция сыйлайды. Сәтті шыққан кинокомедиялар қатарынан табылады.', 'https://upload.wikimedia.org/wikipedia/ru/7/72/Hottabych.jpg'),
(99, 'awdawd', 'awdawdaw', NULL),
(100, 'awdawdaw', 'dawdawdawdawawd', NULL),
(102, 'Менің отбасым', 'Менің әкем өрт сөндіруші. Бірақ ол үйде ешқашан формасын кимейді, тек жолақ жейде мен ескі сұр шалбар киеді. Менің достарым әкемнің өрт сөндіруші екеніне сенбейді. Олар: <br/>\r\n- Сен өтірік айтасын. Егер сенің әкең өрт сөндіруші болса, онда ол өрт сөндіру дулығасын киуші еді,-деді. <br/>\r\nАл мен оларға: <br/>\r\n- Мен өтірік айтып отырған жоқпын, әкем үйде дулыға кимейді. Дулығасы ауыр, ыстықтатып жібереді. Ол өзінің дулығасын қызметте ғана киеді, - дедім. <br/>\r\nБірақ мен әкемді толық өрт киімімен көргім келеді. Дулыға киген, балтамен, шаммен. Ол өрт сөндіру кезінде: <br/>\r\n- Өшіріңдер! Су құйыңдар! Тез-тез! - деген бұйрық береді. <br/>\r\nҮйде ешқашан бұйрық беріп көрген емес. Диван да алма жеп, газет оқып жатады. Сыртынан көріп, өрт сөндіруші деп те айтпайсын. <br/>\r\nАл анам оқу оқиды. Оның оқулықтары, дәптерлері, тіпті пеналы да бар. Әкем диванда газет оқып жатқанда, анам кітаптарын оқиды. Оның кітаптарында әртүрлі ұшақтар салынған, оларды анам дәптеріне қайталап салады. Бірде оның дәптерін ашып, ұшақтардың арасына жасыл және көк түсті сызықтар салдым. <br/>\r\n- Дәптерімді бүлдірген сен бе? - деді анам. <br/>\r\n- Иә, не болды? - деп жауап бердім мен. <br/>\r\n- Мені ренжіттің, - деді анам, - Мен ұшақтарды жөндеу курстарын оқимын және менің сабақтарыма түсіністікпен қарауынды сұраймын... <br/>\r\nАнам маған болашақта ұшақты жөндеумен айналысатынын айтты. Ол инженер болып шықты. <br><br/>\r\nГерман Ю.', 'https://img.razrisyika.ru/kart/30/116137-moya-semya-38.jpg'),
(103, 'Моя семья', 'Мой папа — пожарный. Но дома он никогда не носит форменную одежду, а носит полосатую майку и старые серые штаны. И мои товарищи не верят, что мой папа — пожарный. Они говорят:<br/>\r\n— Врёшь ты всё. Если бы твой папа был пожарным, то он носил бы пожарную каску.<br/>\r\nА я отвечаю:<br/>\r\n— Как раз и не вру. Не может мой папа торчать дома в каске. Каска тяжёлая. Папе жарко. Он свою каску держит на службе.<br/>\r\nНо мне очень бы хотелось посмотреть на папу в полной пожарной форме. В каске. С топором. С фонарём. На пожаре, когда он командует:<br/>\r\n— Тушите! Поливайте водой! Быстро-быстро!<br/>\r\nМой папа никогда не командует дома. Лежит на диване, ест яблоко и читает газету. Даже нельзя подумать, что он пожарный.<br/>\r\nА мама у меня учится. У неё есть свои учебники, и тетрадки, и даже пенал. Когда папа лежит на диване и читает газету, мама занимается по своим книжкам. В книжках у неё нарисованы разные самолёты, и мама их перерисовывает в свою тетрадку.<br/>\r\nОднажды я раскрыл её тетрадку и нарисовал между самолётами зелёных и синих линий.<br/>\r\n— Это ты, Мишка, натворил? — сказала мама.<br/>\r\n— Да, а что? — ответил я.<br/>\r\n— Ужасно неприятно, — сказала мама. Пойми, наконец: я учусь на курсах по ремонту самолетов и прошу тебя относиться к моим занятиям серьёзно... <br/>\r\nМоя мама сказала мне, что в будущем она будет заниматься ремонтом самолета. Она оказалась инженером.<br><br/>\r\nГерман Ю.', 'https://img.razrisyika.ru/kart/30/116137-moya-semya-38.jpg');

-- --------------------------------------------------------

--
-- Структура таблицы `descriptions`
--

CREATE TABLE `descriptions` (
  `description_id` bigint(20) NOT NULL,
  `description_title` text DEFAULT NULL,
  `description_content` text DEFAULT NULL
) ENGINE=InnoDB DEFAULT CHARSET=utf8mb4 COLLATE=utf8mb4_general_ci;

--
-- Дамп данных таблицы `descriptions`
--

INSERT INTO `descriptions` (`description_id`, `description_title`, `description_content`) VALUES
(16, '1 – тапсырма. Көп нүктенің орнына керекті сөздерді қойып, сөйлемді толықтырыңыз.', 'Дополните предложение, поставив нужные слова вместо многоточия.'),
(17, '1 – тапсырма. Көп нүктенің орнына керекті сөздерді қойып, сөйлемді толықтырыңыз.', 'Дополните предложение, поставив нужные слова вместо многоточия.'),
(18, '1 – тапсырма. Көп нүктенің орнына керекті сөздерді қойып, сөйлемді толықтырыңыз.', 'Дополните предложение, поставив нужные слова вместо многоточия.'),
(19, '1 – тапсырма. Көп нүктенің орнына керекті сөздерді қойып, сөйлемді толықтырыңыз.', 'Дополните предложение, поставив нужные слова вместо многоточия.'),
(20, '1 – тапсырма. Көп нүктенің орнына керекті сөздерді қойып, сөйлемді толықтырыңыз.', 'Дополните предложение, поставив нужные слова вместо многоточия.'),
(21, '1 – тапсырма. Көп нүктенің орнына керекті сөздерді қойып, сөйлемді толықтырыңыз.', 'Дополните предложение, поставив нужные слова вместо многоточия.'),
(22, '2 – тапсырма. Сөздерді қайталаңыз.', 'Повторите слова.'),
(23, '3 – тапсырма. Сөйлем құраңыз.', 'Составьте предложения.'),
(24, '1 – тапсырма. Сөздерді қайталаңыз.', 'Повторите слова.'),
(25, '2 – тапсырма. Сөздерді сәйкестендіріңіз.', 'Соедините слова.'),
(26, '3 – тапсырма. Сөздерді қажетті орнына қойыңыз.', 'Вставьте слова в соответствующий ряд слов.'),
(27, '1 – тапсырма. Көп нүктенің орнына керекті сөздерді қойып, сөйлемді толықтырыңыз.', 'Дополните предложение, поставив нужные слова вместо многоточия.'),
(28, '2 – тапсырма. Сөздерді қайталаңыз.', 'Повторите слова.'),
(29, '3 – тапсырма. Сөйлем құраңыз.', 'Составьте предложения.'),
(31, '1 – тапсырма. Мәтінді пайдаланып көп нүктенің орнына тиісті сөздерді қойыңыз.', 'Напишите соответствующие слова вместо многоточия, используя текст.'),
(33, '2 – тапсырма. Сөздерді сәйкестендіріңіз.', 'Соедините слова.'),
(34, '3 – тапсырма. Сөздерді қажетті орнына қойыңыз.', 'Вставьте слова в соответствующий ряд слов.'),
(35, '1 – тапсырма. Көп нүктенің орнына керекті сөздерді қойып, сөйлемді толықтырыңыз.', 'Дополните предложение, поставив нужные слова вместо многоточия.'),
(36, '2 – тапсырма. Сөздерді қайталаңыз.', 'Повторите слова.'),
(37, '3 – тапсырма. Сөйлем құраңыз.', 'Составьте предложения.'),
(38, '1 – тапсырма. Сұрақтарға жауап беріңіз.', 'Ответьте на вопросы.'),
(39, '2 – тапсырма. Қажетті сөздерді қойыңыз.', 'Вставьте нужные слова.'),
(40, '3 – тапсырма. Сөздерді табыңыз.', 'Найдите слова.'),
(41, '1 – тапсырма. Сәйкестендіріңіз.', 'Приведите в соответствие.'),
(42, '2 – тапсырма. Оқыңыз.', 'Прочтите.'),
(43, '3 – тапсырма. Сөйлем құраңыз.', 'Составьте предложения.'),
(44, '1 – тапсырма. Сұрақтарға жауап беріңіз.', 'Ответьте на вопросы.'),
(45, '2 – тапсырма.  белгісін қойыңыз.', 'Поставьте знак .'),
(46, '1 – тапсырма. Оқыңыз.', 'Прочтите.'),
(47, '2 – тапсырма. Сөйлемдерді мәтін мазмұнына қарай ретпен орналастырыңыз.', 'Расположите предложения по порядку используя текст.'),
(48, '1 – тапсырма. Сұрақтарға жауап беріңіз.', 'Ответьте на вопросы.'),
(49, '2 – тапсырма. Мәтінді оқыңыз. Тиісті сөздерді жазыңыз.', 'Прочтите текст. Вместо точек напишите соответствующие слова.'),
(50, '1 – задание. Повторите слова.', ''),
(51, '2 – задание. Соедините слова.', ''),
(52, '3 – задание. Вставьте слова в соответствующий ряд слов.', ''),
(53, '1 – задание. Дополните предложение, поставив нужные слова вместо многоточия.', ''),
(54, '2 – задание. Повторите слова.', ''),
(55, '3 – задание. Составьте предложения.', ''),
(57, '1 – задание. Ответьте на вопросы.', ''),
(58, '2 – задание. Вставьте нужные слова.', ''),
(60, '1 – задание. Приведите в соответствие.', ''),
(61, '2 – задание. Прочтите.', ''),
(63, '1 – задание. Ответьте на вопросы.', ''),
(65, '1 – задание. Прочтите.', ''),
(67, '1 – задание. Ответьте на вопросы.', ''),
(68, '2 – задание. Прочтите текст. Вместо точек напишите соответствующие слова.', ''),
(69, '3 – задание. Выберите нужное окончание.', ''),
(70, '1 – задание. Ответьте на вопросы.', ''),
(72, '1 – задание. Дополните предложения, выбрав правильный вариант.', ''),
(74, '1 – задание. Ответьте на вопросы.', ''),
(75, '2 – задание. Прочтите.', ''),
(77, '1 – задание. Ответьте на вопросы.', ''),
(82, '1 – задание. Ответьте на вопросы.', ''),
(84, '2 – задание. Прочтите.', ''),
(85, '3 – задание. Составьте предложения с приведенными словами.', ''),
(86, '1 – здание. Прочтите текст. Вместо точек напишите соответствующие слова.', '');

-- --------------------------------------------------------

--
-- Структура таблицы `pages`
--

CREATE TABLE `pages` (
  `page_id` bigint(20) NOT NULL,
  `tab_id` bigint(20) NOT NULL
) ENGINE=InnoDB DEFAULT CHARSET=utf8mb4 COLLATE=utf8mb4_general_ci;

--
-- Дамп данных таблицы `pages`
--

INSERT INTO `pages` (`page_id`, `tab_id`) VALUES
(50, 13),
(51, 14),
(53, 12),
(54, 15),
(55, 16),
(56, 17),
(57, 18),
(58, 19),
(59, 20),
(60, 21),
(61, 21),
(66, 22),
(67, 22),
(68, 22),
(69, 22),
(70, 22),
(72, 23),
(73, 23),
(74, 23),
(75, 23),
(76, 23),
(78, 11),
(79, 11),
(80, 11),
(81, 11),
(82, 11),
(83, 24),
(84, 25);

-- --------------------------------------------------------

--
-- Структура таблицы `pages_content`
--

CREATE TABLE `pages_content` (
  `page_content_id` bigint(20) NOT NULL,
  `page_id` bigint(20) NOT NULL,
  `object_table` varchar(60) DEFAULT NULL,
  `object_id` bigint(20) DEFAULT NULL,
  `lang` varchar(2) DEFAULT 'kz'
) ENGINE=InnoDB DEFAULT CHARSET=utf8mb4 COLLATE=utf8mb4_general_ci;

--
-- Дамп данных таблицы `pages_content`
--

INSERT INTO `pages_content` (`page_content_id`, `page_id`, `object_table`, `object_id`, `lang`) VALUES
(53, 37, 'tasks_hold', 9, 'kz'),
(54, 38, 'contexts', 12, 'kz'),
(55, 39, 'contexts', 13, 'kz'),
(56, 40, 'contexts', 14, 'kz'),
(57, 40, 'descriptions', 16, 'kz'),
(58, 40, 'tasks_drag', 11, 'kz'),
(59, 41, 'contexts', 15, 'kz'),
(60, 41, 'descriptions', 17, 'kz'),
(61, 41, 'tasks_drag', 12, 'kz'),
(62, 42, 'contexts', 16, 'kz'),
(63, 42, 'descriptions', 18, 'kz'),
(64, 42, 'tasks_drag', 13, 'kz'),
(65, 43, 'contexts', 17, 'kz'),
(66, 43, 'descriptions', 19, 'kz'),
(67, 43, 'tasks_drag', 14, 'kz'),
(68, 44, 'contexts', 18, 'kz'),
(69, 44, 'descriptions', 20, 'kz'),
(70, 44, 'tasks_drag', 15, 'kz'),
(71, 45, 'contexts', 19, 'kz'),
(72, 45, 'descriptions', 21, 'kz'),
(73, 45, 'tasks_drag', 16, 'kz'),
(74, 45, 'descriptions', 22, 'kz'),
(75, 45, 'tasks_read', 6, 'kz'),
(76, 45, 'descriptions', 23, 'kz'),
(77, 45, 'simples', 5, 'kz'),
(78, 46, 'tasks_drag', 17, 'kz'),
(79, 46, 'tasks_drag', 18, 'kz'),
(80, 47, 'tasks_drag', 19, 'kz'),
(81, 48, 'contexts', 20, 'ru'),
(83, 48, 'descriptions', 24, 'kz'),
(84, 48, 'tasks_read', 7, 'kz'),
(85, 48, 'descriptions', 25, 'kz'),
(86, 48, 'tasks_hold', 10, 'kz'),
(87, 48, 'descriptions', 26, 'kz'),
(88, 48, 'tasks_drag', 20, 'kz'),
(89, 48, 'tasks_drag', 21, 'kz'),
(90, 48, 'tasks_drag', 22, 'kz'),
(91, 48, 'tasks_drag', 23, 'kz'),
(96, 49, 'descriptions', 27, 'kz'),
(97, 49, 'tasks_drag', 24, 'kz'),
(98, 49, 'tasks_drag', 25, 'kz'),
(99, 49, 'tasks_drag', 26, 'kz'),
(100, 49, 'tasks_drag', 27, 'kz'),
(101, 49, 'tasks_drag', 28, 'kz'),
(102, 49, 'descriptions', 28, 'kz'),
(103, 49, 'tasks_read', 8, 'kz'),
(104, 49, 'descriptions', 29, 'kz'),
(105, 49, 'simples', 6, 'kz'),
(107, 50, 'contexts', 29, 'ru'),
(108, 50, 'contexts', 30, 'kz'),
(110, 50, 'descriptions', 31, 'kz'),
(111, 50, 'tasks_drag', 29, 'kz'),
(112, 50, 'tasks_drag', 30, 'kz'),
(113, 50, 'tasks_drag', 31, 'kz'),
(114, 50, 'tasks_drag', 32, 'kz'),
(115, 50, 'tasks_drag', 33, 'kz'),
(116, 50, 'tasks_drag', 34, 'kz'),
(117, 51, 'contexts', 31, 'ru'),
(118, 51, 'contexts', 32, 'kz'),
(119, 52, 'contexts', 33, 'ru'),
(120, 52, 'contexts', 34, 'kz'),
(122, 52, 'tasks_read', 9, 'kz'),
(123, 52, 'descriptions', 33, 'kz'),
(125, 52, 'tasks_hold', 12, 'kz'),
(126, 52, 'descriptions', 34, 'kz'),
(127, 52, 'tasks_drag', 35, 'kz'),
(128, 52, 'tasks_drag', 36, 'kz'),
(129, 52, 'tasks_drag', 37, 'kz'),
(130, 52, 'tasks_drag', 38, 'kz'),
(133, 49, 'contexts', 37, 'ru'),
(134, 53, 'contexts', 38, 'kz'),
(135, 53, 'descriptions', 35, 'kz'),
(136, 53, 'tasks_drag', 39, 'kz'),
(137, 53, 'tasks_drag', 40, 'kz'),
(138, 53, 'tasks_drag', 41, 'kz'),
(139, 53, 'tasks_drag', 42, 'kz'),
(140, 53, 'tasks_drag', 43, 'kz'),
(141, 53, 'descriptions', 36, 'kz'),
(142, 53, 'tasks_read', 10, 'kz'),
(143, 53, 'descriptions', 37, 'kz'),
(145, 54, 'contexts', 40, 'ru'),
(146, 51, 'descriptions', 38, 'kz'),
(148, 51, 'simples', 8, 'kz'),
(149, 51, 'descriptions', 39, 'kz'),
(150, 51, 'tasks_drag', 44, 'kz'),
(151, 51, 'tasks_drag', 45, 'kz'),
(152, 51, 'tasks_drag', 46, 'kz'),
(153, 51, 'tasks_drag', 47, 'kz'),
(154, 51, 'tasks_drag', 48, 'kz'),
(155, 51, 'tasks_drag', 49, 'kz'),
(156, 51, 'descriptions', 40, 'kz'),
(157, 54, 'contexts', 41, 'kz'),
(158, 54, 'descriptions', 41, 'kz'),
(159, 54, 'tasks_hold', 13, 'kz'),
(160, 54, 'descriptions', 42, 'kz'),
(161, 54, 'tasks_read', 11, 'kz'),
(162, 54, 'tasks_read', 12, 'kz'),
(163, 54, 'tasks_read', 13, 'kz'),
(164, 54, 'tasks_read', 14, 'kz'),
(165, 54, 'tasks_read', 15, 'kz'),
(166, 54, 'descriptions', 43, 'kz'),
(168, 55, 'contexts', 43, 'ru'),
(169, 55, 'contexts', 44, 'kz'),
(170, 55, 'descriptions', 44, 'kz'),
(171, 55, 'simples', 9, 'kz'),
(172, 55, 'simples', 10, 'kz'),
(173, 55, 'simples', 11, 'kz'),
(174, 55, 'descriptions', 45, 'kz'),
(175, 56, 'contexts', 45, 'ru'),
(176, 56, 'contexts', 46, 'kz'),
(177, 56, 'descriptions', 46, 'kz'),
(178, 56, 'tasks_read', 16, 'kz'),
(179, 56, 'descriptions', 47, 'kz'),
(180, 57, 'contexts', 47, 'ru'),
(181, 57, 'contexts', 48, 'kz'),
(182, 57, 'descriptions', 48, 'kz'),
(183, 57, 'simples', 12, 'kz'),
(184, 57, 'descriptions', 49, 'kz'),
(185, 53, 'contexts', 49, 'ru'),
(186, 58, 'contexts', 50, 'ru'),
(187, 58, 'contexts', 51, 'kz'),
(189, 59, 'contexts', 53, 'ru'),
(190, 59, 'contexts', 54, 'kz'),
(191, 60, 'contexts', 55, 'ru'),
(192, 62, 'contexts', 56, 'ru'),
(194, 62, 'contexts', 58, 'kz'),
(195, 63, 'contexts', 59, 'ru'),
(196, 63, 'contexts', 60, 'kz'),
(197, 64, 'contexts', 61, 'ru'),
(198, 64, 'contexts', 62, 'kz'),
(199, 65, 'contexts', 63, 'ru'),
(200, 65, 'contexts', 64, 'kz'),
(201, 66, 'contexts', 65, 'ru'),
(202, 66, 'contexts', 66, 'kz'),
(203, 67, 'contexts', 67, 'ru'),
(204, 67, 'contexts', 68, 'kz'),
(205, 68, 'contexts', 69, 'ru'),
(206, 68, 'contexts', 70, 'kz'),
(207, 69, 'contexts', 71, 'ru'),
(208, 69, 'contexts', 72, 'kz'),
(210, 70, 'contexts', 74, 'ru'),
(211, 70, 'contexts', 75, 'kz'),
(212, 72, 'contexts', 76, 'ru'),
(213, 72, 'contexts', 77, 'kz'),
(214, 73, 'contexts', 78, 'ru'),
(215, 73, 'contexts', 79, 'kz'),
(219, 75, 'contexts', 83, 'ru'),
(220, 75, 'contexts', 84, 'kz'),
(221, 76, 'contexts', 85, 'ru'),
(222, 76, 'contexts', 86, 'kz'),
(224, 78, 'contexts', 88, 'ru'),
(225, 78, 'contexts', 89, 'kz'),
(226, 78, 'descriptions', 50, 'kz'),
(227, 78, 'tasks_read', 17, 'kz'),
(228, 78, 'descriptions', 51, 'kz'),
(229, 78, 'tasks_hold', 14, 'kz'),
(230, 78, 'descriptions', 52, 'kz'),
(231, 78, 'tasks_drag', 50, 'kz'),
(232, 78, 'tasks_drag', 51, 'kz'),
(233, 78, 'tasks_drag', 52, 'kz'),
(234, 78, 'tasks_drag', 53, 'kz'),
(235, 79, 'contexts', 90, 'ru'),
(236, 79, 'contexts', 91, 'kz'),
(237, 79, 'descriptions', 53, 'kz'),
(238, 79, 'tasks_drag', 54, 'kz'),
(239, 79, 'tasks_drag', 55, 'kz'),
(240, 79, 'tasks_drag', 56, 'kz'),
(241, 79, 'tasks_drag', 57, 'kz'),
(242, 79, 'tasks_drag', 58, 'kz'),
(243, 79, 'descriptions', 54, 'kz'),
(244, 79, 'tasks_read', 18, 'kz'),
(245, 79, 'descriptions', 55, 'kz'),
(246, 79, 'simples', 13, 'kz'),
(247, 80, 'contexts', 92, 'ru'),
(248, 80, 'contexts', 93, 'kz'),
(251, 81, 'contexts', 95, 'ru'),
(252, 81, 'contexts', 96, 'kz'),
(253, 81, 'descriptions', 57, 'kz'),
(254, 81, 'simples', 14, 'kz'),
(255, 81, 'descriptions', 58, 'kz'),
(256, 81, 'tasks_drag', 59, 'kz'),
(257, 81, 'tasks_drag', 60, 'kz'),
(258, 81, 'tasks_drag', 61, 'kz'),
(259, 81, 'tasks_drag', 62, 'kz'),
(260, 81, 'tasks_drag', 63, 'kz'),
(261, 81, 'tasks_drag', 64, 'kz'),
(263, 82, 'contexts', 97, 'ru'),
(264, 82, 'contexts', 98, 'kz'),
(265, 82, 'descriptions', 60, 'kz'),
(266, 82, 'tasks_hold', 15, 'kz'),
(267, 82, 'descriptions', 61, 'kz'),
(268, 82, 'tasks_read', 19, 'kz'),
(269, 82, 'tasks_read', 20, 'kz'),
(270, 82, 'tasks_read', 21, 'kz'),
(271, 82, 'tasks_read', 22, 'kz'),
(272, 82, 'tasks_read', 23, 'kz'),
(275, 66, 'descriptions', 63, 'kz'),
(276, 66, 'simples', 16, 'kz'),
(278, 67, 'descriptions', 65, 'kz'),
(279, 67, 'tasks_read', 24, 'kz'),
(281, 68, 'descriptions', 67, 'kz'),
(282, 68, 'simples', 17, 'kz'),
(283, 68, 'descriptions', 68, 'kz'),
(284, 68, 'tasks_drag', 65, 'kz'),
(285, 68, 'tasks_drag', 66, 'kz'),
(286, 68, 'tasks_drag', 67, 'kz'),
(287, 68, 'tasks_drag', 68, 'kz'),
(288, 68, 'tasks_drag', 69, 'kz'),
(289, 68, 'tasks_drag', 70, 'kz'),
(290, 68, 'descriptions', 69, 'kz'),
(292, 68, 'tasks_drag', 72, 'kz'),
(293, 68, 'tasks_drag', 73, 'kz'),
(294, 68, 'tasks_drag', 74, 'kz'),
(295, 68, 'tasks_drag', 75, 'kz'),
(296, 68, 'tasks_drag', 76, 'kz'),
(297, 68, 'tasks_drag', 77, 'kz'),
(298, 68, 'tasks_drag', 78, 'kz'),
(299, 68, 'tasks_drag', 79, 'kz'),
(300, 69, 'descriptions', 70, 'kz'),
(301, 69, 'simples', 18, 'kz'),
(303, 70, 'descriptions', 72, 'kz'),
(304, 70, 'tasks_drag', 80, 'kz'),
(305, 70, 'tasks_drag', 81, 'kz'),
(306, 70, 'tasks_drag', 82, 'kz'),
(307, 70, 'tasks_drag', 83, 'kz'),
(308, 70, 'tasks_drag', 84, 'kz'),
(311, 72, 'descriptions', 74, 'kz'),
(313, 72, 'simples', 21, 'kz'),
(314, 72, 'descriptions', 75, 'kz'),
(315, 72, 'tasks_read', 25, 'kz'),
(317, 73, 'descriptions', 77, 'kz'),
(318, 73, 'simples', 22, 'kz'),
(324, 76, 'descriptions', 82, 'kz'),
(325, 76, 'simples', 23, 'kz'),
(327, 76, 'descriptions', 84, 'kz'),
(328, 76, 'tasks_read', 26, 'kz'),
(329, 76, 'descriptions', 85, 'kz'),
(330, 75, 'descriptions', 86, 'kz'),
(331, 83, 'contexts', 99, 'ru'),
(332, 83, 'contexts', 100, 'kz'),
(334, 74, 'contexts', 102, 'kz'),
(335, 74, 'contexts', 103, 'ru');

-- --------------------------------------------------------

--
-- Структура таблицы `permissions`
--

CREATE TABLE `permissions` (
  `permission_id` int(11) NOT NULL,
  `permission_name` varchar(60) DEFAULT NULL,
  `permission_prefix` varchar(60) DEFAULT NULL
) ENGINE=InnoDB DEFAULT CHARSET=utf8mb4 COLLATE=utf8mb4_general_ci;

--
-- Дамп данных таблицы `permissions`
--

INSERT INTO `permissions` (`permission_id`, `permission_name`, `permission_prefix`) VALUES
(1, 'user', 'Пользователь'),
(2, 'admin', 'Администратор'),
(3, 'super-admin', 'Супер администратор');

-- --------------------------------------------------------

--
-- Структура таблицы `simples`
--

CREATE TABLE `simples` (
  `simple_id` bigint(20) NOT NULL,
  `simple_text` text DEFAULT NULL
) ENGINE=InnoDB DEFAULT CHARSET=utf8mb4 COLLATE=utf8mb4_general_ci;

--
-- Дамп данных таблицы `simples`
--

INSERT INTO `simples` (`simple_id`, `simple_text`) VALUES
(5, 'Үлгі: Бүгін/қай/аптаның/күні? Бүгін аптаның қай күні?'),
(6, 'Үлгі: Бүгін/қай/аптаның/күні? Бүгін аптаның қай күні?'),
(8, '1. Мерей қандай адам?<br/>\r\n2. Шынайы достық барына сеңесіз бе?<br/>\r\n3. Мерей жақсы әлде жаман дос па? Неліктен?<br/>\r\n4. Достықта ең басты нәрсе не деп ойлайсыз?<br/>\r\n5. Достық тек адамдар арасында ғана болады ма?'),
(9, '1. Мәтінде қандай өсімдік түрлері туралы айтылған?'),
(10, '2. Бақбақ гүлінің қандай пайдасы бар?'),
(11, '3. Улы гүлдер туралы не білесіз?'),
(12, '1. Курчатов есімін естігенсіз бе?<br/>\r\n2. Қандай марапаттарға ие болған?<br/>\r\n3. Курчатов есімі қай жерлерге берілген?<br/>'),
(13, 'Үлгі: Бүгін/қай/аптаның/күні?    Бүгін аптаның қай күні?'),
(14, '1. Мерей қандай адам?<br/>\r\n2. Шынайы достық барына сеңесіз бе?<br/>\r\n3. Мерей жақсы әлде жаман дос па? Неліктен?<br/>\r\n4. Достықта ең басты нәрсе не деп ойлайсыз?<br/>\r\n5. Достық тек адамдар арасында ғана болады ма?'),
(16, '1. Мәтінде қандай өсімдік түрлері туралы айтылған?<br/>\r\n2. Бақбақ гүлінің қандай пайдасы бар?<br/>\r\n3. Улы гүлдер туралы не білесіз?'),
(17, '1. Курчатов есімін естігенсіз бе?<br/>\r\n2. Қандай марапаттарға ие болған?<br/>\r\n3. Курчатов есімі қай жерлерге берілген?'),
(18, '1. Айбек не үшін ұялды?<br/>\r\n2. Айбектің анасына шындығын аятқаны дұрыс па?<br/>\r\n3. Айбектің орнында болсаңыз, не істер едіңіз?'),
(21, '1. Элли қайда тап болды?<br/>\r\n2. Үйді сиқыршылар еліне не әкеліп тастады?<br/>\r\n3. Эллидің қасында тағы кім болды?<br/>\r\n4. Элли кімдерді кездестірді?<br/>\r\n5. Сиқыршылар елі қандай екен?'),
(22, '1. Оқиға қай мезгілде өтіп жатыр?<br/>\r\n2. Бала қандай уәде берді?<br/>\r\n3. Ол уәдесіне тұрды ма?'),
(23, '1. Павлик неден қорықты?<br/>\r\n2. Көмекке кімдер келді?<br/>\r\n3. Павликтің орнында болсаңыз не істер едіңіз?');

-- --------------------------------------------------------

--
-- Структура таблицы `tabs`
--

CREATE TABLE `tabs` (
  `tab_id` bigint(20) NOT NULL,
  `tab_title` varchar(160) DEFAULT NULL
) ENGINE=InnoDB DEFAULT CHARSET=utf8mb4 COLLATE=utf8mb4_general_ci;

--
-- Дамп данных таблицы `tabs`
--

INSERT INTO `tabs` (`tab_id`, `tab_title`) VALUES
(11, 'Курс 1'),
(22, 'Курс 2'),
(23, 'Курс 3');

-- --------------------------------------------------------

--
-- Структура таблицы `tasks_completed`
--

CREATE TABLE `tasks_completed` (
  `completed_id` bigint(20) NOT NULL,
  `completed_table` varchar(60) DEFAULT NULL,
  `completed_task_id` bigint(20) DEFAULT NULL,
  `user_id` bigint(20) DEFAULT NULL,
  `completed_date` datetime DEFAULT current_timestamp()
) ENGINE=InnoDB DEFAULT CHARSET=utf8mb4 COLLATE=utf8mb4_general_ci;

--
-- Дамп данных таблицы `tasks_completed`
--

INSERT INTO `tasks_completed` (`completed_id`, `completed_table`, `completed_task_id`, `user_id`, `completed_date`) VALUES
(52, 'tasks_drag', 17, 3, '2024-03-09 12:59:50'),
(53, 'tasks_hold', 10, 5, '2024-03-11 13:29:23'),
(54, 'tasks_drag', 20, 5, '2024-03-11 13:29:39'),
(55, 'tasks_drag', 21, 5, '2024-03-11 13:29:57'),
(56, 'tasks_drag', 22, 5, '2024-03-11 13:30:03'),
(57, 'tasks_drag', 23, 5, '2024-03-11 13:30:07'),
(58, 'tasks_drag', 20, 3, '2024-03-11 13:37:17'),
(59, 'tasks_drag', 24, 3, '2024-03-11 13:37:47'),
(60, 'tasks_drag', 25, 3, '2024-03-11 13:38:38'),
(61, 'tasks_drag', 26, 3, '2024-03-11 13:38:47'),
(62, 'tasks_drag', 27, 3, '2024-03-11 13:38:56'),
(63, 'tasks_drag', 28, 3, '2024-03-11 13:39:00'),
(64, 'tasks_drag', 22, 3, '2024-03-11 13:44:31'),
(65, 'tasks_drag', 34, 5, '2024-03-11 13:51:12'),
(66, 'tasks_drag', 33, 5, '2024-03-11 13:51:21'),
(67, 'tasks_drag', 32, 5, '2024-03-11 13:51:26'),
(68, 'tasks_drag', 31, 5, '2024-03-11 13:51:30'),
(69, 'tasks_drag', 30, 5, '2024-03-11 13:51:33'),
(70, 'tasks_drag', 29, 5, '2024-03-11 13:51:36'),
(71, 'tasks_hold', 12, 5, '2024-03-11 16:45:14'),
(72, 'tasks_drag', 50, 3, '2024-03-11 17:41:30'),
(73, 'tasks_drag', 51, 3, '2024-03-11 18:14:19'),
(74, 'tasks_drag', 52, 3, '2024-03-11 18:14:34'),
(75, 'tasks_drag', 53, 3, '2024-03-11 18:14:50'),
(76, 'tasks_drag', 50, 5, '2024-03-11 18:16:20'),
(77, 'tasks_drag', 51, 5, '2024-03-11 18:16:26'),
(78, 'tasks_drag', 52, 5, '2024-03-11 18:16:31'),
(79, 'tasks_drag', 53, 5, '2024-03-11 18:16:33'),
(80, 'tasks_drag', 54, 5, '2024-03-11 18:16:59'),
(81, 'tasks_drag', 55, 5, '2024-03-11 18:17:08'),
(82, 'tasks_drag', 56, 5, '2024-03-11 18:17:11'),
(83, 'tasks_drag', 57, 5, '2024-03-11 18:17:15'),
(84, 'tasks_drag', 58, 5, '2024-03-11 18:17:18'),
(85, 'tasks_drag', 59, 5, '2024-03-11 18:17:42'),
(86, 'tasks_drag', 60, 5, '2024-03-11 18:17:46'),
(87, 'tasks_drag', 61, 5, '2024-03-11 18:17:51'),
(88, 'tasks_drag', 62, 5, '2024-03-11 18:17:55'),
(89, 'tasks_drag', 63, 5, '2024-03-11 18:18:00'),
(90, 'tasks_drag', 64, 5, '2024-03-11 18:18:03'),
(91, 'tasks_hold', 15, 5, '2024-03-11 18:18:35'),
(92, 'tasks_drag', 65, 5, '2024-03-11 18:19:30'),
(93, 'tasks_drag', 66, 5, '2024-03-11 18:19:40'),
(94, 'tasks_drag', 67, 5, '2024-03-11 18:19:53'),
(95, 'tasks_drag', 68, 5, '2024-03-11 18:20:09'),
(96, 'tasks_drag', 69, 5, '2024-03-11 18:20:13'),
(97, 'tasks_drag', 70, 5, '2024-03-11 18:20:22'),
(98, 'tasks_drag', 72, 5, '2024-03-11 18:20:27'),
(99, 'tasks_drag', 73, 5, '2024-03-11 18:20:31'),
(100, 'tasks_drag', 74, 5, '2024-03-11 18:20:37'),
(101, 'tasks_drag', 75, 5, '2024-03-11 18:20:43'),
(102, 'tasks_drag', 76, 5, '2024-03-11 18:20:47'),
(103, 'tasks_drag', 77, 5, '2024-03-11 18:20:52'),
(104, 'tasks_drag', 78, 5, '2024-03-11 18:20:56'),
(105, 'tasks_drag', 79, 5, '2024-03-11 18:21:00'),
(106, 'tasks_drag', 80, 5, '2024-03-11 18:21:24'),
(107, 'tasks_hold', 14, 5, '2024-03-11 18:43:28'),
(108, 'tasks_drag', 81, 5, '2024-03-11 19:00:02'),
(109, 'tasks_drag', 82, 5, '2024-03-11 19:00:08'),
(110, 'tasks_drag', 83, 5, '2024-03-11 19:00:13'),
(111, 'tasks_drag', 84, 5, '2024-03-11 19:00:18'),
(112, 'tasks_drag', 54, 3, '2024-03-11 19:58:31'),
(113, 'tasks_hold', 14, 3, '2024-03-13 14:54:29'),
(114, 'tasks_drag', 55, 3, '2024-03-14 09:32:05'),
(115, 'tasks_hold', 15, 3, '2024-03-14 09:35:27'),
(116, 'tasks_drag', 57, 3, '2024-03-14 12:57:28'),
(117, 'tasks_drag', 50, 12, '2024-03-14 15:54:49'),
(118, 'tasks_drag', 53, 12, '2024-03-14 15:55:19'),
(119, 'tasks_drag', 52, 12, '2024-03-14 15:55:39'),
(120, 'tasks_drag', 51, 12, '2024-03-14 15:55:50'),
(121, 'tasks_hold', 14, 13, '2024-03-14 15:58:27'),
(122, 'tasks_hold', 14, 12, '2024-03-14 16:25:50'),
(123, 'tasks_drag', 54, 4, '2024-03-14 17:10:16'),
(124, 'tasks_drag', 65, 4, '2024-03-15 09:51:28'),
(125, 'tasks_drag', 67, 4, '2024-03-15 09:51:48'),
(126, 'tasks_drag', 56, 3, '2024-03-20 11:11:29'),
(127, 'tasks_drag', 65, 3, '2024-04-20 11:37:13'),
(128, 'tasks_drag', 77, 3, '2024-04-20 11:37:42'),
(129, 'tasks_drag', 66, 3, '2024-04-20 12:28:12'),
(130, 'tasks_drag', 59, 3, '2024-04-27 11:54:45');

-- --------------------------------------------------------

--
-- Структура таблицы `tasks_drag`
--

CREATE TABLE `tasks_drag` (
  `drag_id` bigint(20) NOT NULL,
  `drag_text` text DEFAULT NULL
) ENGINE=InnoDB DEFAULT CHARSET=utf8mb4 COLLATE=utf8mb4_general_ci;

--
-- Дамп данных таблицы `tasks_drag`
--

INSERT INTO `tasks_drag` (`drag_id`, `drag_text`) VALUES
(11, '1) Дүйсенбі ... тілінде «екінші күн» деген мағынаны білдіреді.\r\n2) Әр күннің соңындағы ... сөзі «күн» деген мағынаны білдіреді.\r\n3) Аптаның ... күні «жұма» деп аталады.\r\n4) Дүйсенбіні «... күн» деп те атайды.\r\n5) Біз сенбі, жексенбі ... демаламыз.'),
(12, '1) Дүйсенбі ... тілінде «екінші күн» деген мағынаны білдіреді. <br/>\r\n2) Әр күннің соңындағы ... сөзі «күн» деген мағынаны білдіреді. <br/>\r\n3) Аптаның ... күні «жұма» деп аталады. <br/>\r\n4) Дүйсенбіні «... күн» деп те атайды. <br/>\r\n5) Біз сенбі, жексенбі ... демаламыз. <br/>'),
(13, '1) Дүйсенбі ... тілінде «екінші күн» деген мағынаны білдіреді.<br/>'),
(14, '1) Дүйсенбі {text} тілінде «екінші күн» деген мағынаны білдіреді.'),
(15, '1) Дүйсенбі {text} тілінде «екінші күн» деген мағынаны білдіреді.<br/>\r\n2) Әр күннің соңындағы {text} сөзі «күн» деген мағынаны білдіреді.<br/>\r\n3) Аптаның {text} күні «жұма» деп аталады.<br/>\r\n4) Дүйсенбіні «{text} күн» деп те атайды.<br/>\r\n5) Біз сенбі, жексенбі {text} демаламыз.<br/>'),
(16, '1) Дүйсенбі {text} тілінде «екінші күн» деген мағынаны білдіреді.<br/>\r\n2) Әр күннің соңындағы {text} сөзі «күн» деген мағынаны білдіреді.<br/>\r\n3) Аптаның {text} күні «жұма» деп аталады.<br/>\r\n4) Дүйсенбіні «{text} күн» деп те атайды.<br/>\r\n5) Біз сенбі, жексенбі {text} демаламыз.<br/>'),
(17, '1) Дүйсенбі {text} тілінде «екінші күн» деген мағынаны білдіреді.'),
(18, '2) Әр күннің соңындағы {text} сөзі «күн» деген мағынаны білдіреді.'),
(19, 'Text {text}'),
(20, '1. {text} көліктер саудаланады.'),
(21, '2. Клиренс {text} байланысты өзгереді.'),
(22, '3. «Е» класындағы {text} сай салмағы 2 тонна.'),
(23, '4. {text} 100 000 долларды құрайды.'),
(24, '1) Дүйсенбі {text} тілінде «екінші күн» деген мағынаны білдіреді.'),
(25, '2) Әр күннің соңындағы {text} сөзі «күн» деген мағынаны білдіреді.'),
(26, '3) Аптаның {text}  күні «жұма» деп аталады.'),
(27, '4) Дүйсенбіні «{text}  күн» деп те атайды.'),
(28, '5) Біз сенбі, жексенбі {text}  демаламыз.'),
(29, '1) Маған {text} тырс-тырс еткен дыбысы ұнайды.'),
(30, '2) Алғаш жапалақтап жауған {text} ұнайды.'),
(31, '3) {text} өту ұнамайды, қорқамын.'),
(32, '4) {text} тық-тық еткен үнін ұнатпаймын.'),
(33, '5) Жол жүргенде {text} әуен естігенді ұнатамын.'),
(34, '6) Жақын адамдармен {text} маған қиынға түседі.'),
(35, '1.  {text} көліктер саудаланады.'),
(36, '2. Клиренс {text} байланысты өзгереді.'),
(37, '3. «Е» класындағы {text} сай салмағы 2 тонна.'),
(38, '4. {text} 100 000 долларды құрайды.'),
(39, '1) Дүйсенбі {text} тілінде «екінші күн» деген мағынаны білдіреді.'),
(40, '2) Әр күннің соңындағы {text} сөзі «күн» деген мағынаны білдіреді.'),
(41, '3) Аптаның {text}  күні «жұма» деп аталады.'),
(42, '4) Дүйсенбіні «{text}  күн» деп те атайды.'),
(43, '5) Біз сенбі, жексенбі {text}  демаламыз.'),
(44, '1. Менің {text} көп.'),
(45, '2. Мен {text} адалмын.'),
(46, '3. Достық {text} қымбат.'),
(47, '4. Достарыма ішімдегі {text} айта аламын.'),
(48, '5. Достарым әрқашан {text} беруге дайын тұрады.'),
(49, '6. Достықты сақтап қалу, {text} байланысты.'),
(50, '1.  {text} көліктер саудаланады.'),
(51, '2. Клиренс {text} байланысты өзгереді.'),
(52, '3. «Е» класындағы {text} сай салмағы 2 тонна.'),
(53, '4. {text} 100 000 долларды құрайды.'),
(54, '1) Дүйсенбі {text} тілінде «екінші күн» деген мағынаны білдіреді.'),
(55, '2) Әр күннің соңындағы {text} сөзі «күн» деген мағынаны білдіреді.'),
(56, '3) Аптаның {text}  күні «жұма» деп аталады.'),
(57, '4) Дүйсенбіні «{text}  күн» деп те атайды.'),
(58, '5) Біз сенбі, жексенбі {text}  демаламыз.'),
(59, '1. Менің {text} көп.'),
(60, '2. Мен {text} адалмын.'),
(61, '3. Достық {text} қымбат.'),
(62, '4. Достарыма ішімдегі {text} айта аламын.'),
(63, '5. Достарым әрқашан {text} беруге дайын тұрады.'),
(64, '6. Достықты сақтап қалу, {text} байланысты.'),
(65, '1. КСРО Ғылым {text} академигі.'),
(66, '2. Курчатовтың алғашқы ғылыми жұмыстары {text} арналған.'),
(67, '3. Семей {text} жүргізілген атом бомбасын сынау жұмыстарына басшылық жасады.'),
(68, '4. Атом ядросы физикасының {text} айналысты.'),
(69, '5. Социалистік Еңбек Ері атағын {text} алған.'),
(70, '6. Жасанды радиоактивті {text} ядролық изомерия құбылысын байқады.'),
(72, '1. Курчатов Игорь Васильевич – КСРО-дағы атомдық ғылым мен техника{text} негізін салушы. (-ның/-нің)'),
(73, '2. Қырым университеті{text} физика-математика факултетін бітірген.'),
(74, '3. Алғашқы ғылыми жұмыстары сегнетоэлектрлік құбылыстар{text} арналған.'),
(75, '4. Ол ядролық реакциялар{text} тармақталу құбылысын ашты.'),
(76, '5. Бірге жүргізген зерттеулерінің нәтижесін{text} уранның өздігінен бөліну құбылысын ашты.'),
(77, '6. Атом бомбасын сынау жұмыстары{text} басшылық жасады.'),
(78, '7. КСРО Мемлекеттік сыйлығы{text} лауреаты.'),
(79, '8. 5 рет Ленин ордені{text} марапатталған.'),
(80, '1. Тетрис атауы екі сөзден құралған – {text} және «теннис».'),
(81, '2. Ойын іші тор көздерге бөлінген {text} ішінде жүреді.'),
(82, '3. Уақыт өткен сайын тетраминоның қозғалу жылдамдығы да {text}.'),
(83, '4. 1990 жылдардың басында ең кең тараған {text} айналды.'),
(84, '5. Бір жол түзелгенде {text} беріледі.');

-- --------------------------------------------------------

--
-- Структура таблицы `tasks_drag_base`
--

CREATE TABLE `tasks_drag_base` (
  `drag_base_id` int(11) NOT NULL,
  `drag_base_word` varchar(100) DEFAULT NULL,
  `drag_base_correct` tinyint(1) DEFAULT 0,
  `drag_id` bigint(20) DEFAULT NULL
) ENGINE=InnoDB DEFAULT CHARSET=utf8mb4 COLLATE=utf8mb4_general_ci;

--
-- Дамп данных таблицы `tasks_drag_base`
--

INSERT INTO `tasks_drag_base` (`drag_base_id`, `drag_base_word`, `drag_base_correct`, `drag_id`) VALUES
(35, 'сенбі', 1, 11),
(36, 'португал', 0, 11),
(37, 'бесінші', 0, 11),
(38, 'ауыр', 0, 11),
(39, 'жиналу', 0, 11),
(40, 'күндері.', 0, 11),
(41, 'сенбі', 0, 12),
(42, 'португал', 0, 12),
(43, 'күндері', 0, 12),
(44, 'бесінші', 0, 12),
(45, 'ауыр', 0, 12),
(46, '.', 0, 12),
(47, 'сенбі', 0, 13),
(48, 'күндері', 0, 13),
(49, 'бесінші', 0, 13),
(50, 'португал', 1, 13),
(51, 'ауыр', 0, 13),
(52, 'сенбі', 0, 14),
(53, 'күндері', 0, 14),
(54, 'бесінші', 0, 14),
(55, 'португал', 1, 14),
(56, 'ауыр', 0, 14),
(57, 'сенбі', 0, 15),
(58, 'күндері', 0, 15),
(59, 'бесінші', 0, 15),
(60, 'португал', 1, 15),
(61, 'ауыр', 0, 15),
(62, 'сенбі', 0, 16),
(63, 'күндері', 0, 16),
(64, 'бесінші', 0, 16),
(65, 'португал', 0, 16),
(66, 'ауыр', 0, 16),
(67, 'сенбі', 0, 17),
(68, 'португал', 1, 17),
(69, 'бесінші', 0, 17),
(70, 'ауыр', 0, 17),
(71, 'жиналу', 0, 17),
(72, 'күндері', 0, 17),
(73, 'сенбі', 1, 18),
(74, 'португал', 0, 18),
(75, 'бесінші', 0, 18),
(76, 'ауыр', 0, 18),
(77, 'жиналу', 0, 18),
(78, 'күндері', 0, 18),
(79, '1', 0, 19),
(80, '2', 1, 19),
(81, '3', 0, 19),
(82, '4', 0, 19),
(83, 'Автонарықта', 1, 20),
(84, 'жылдамдыққа', 0, 20),
(85, 'автокөліктерге', 0, 20),
(86, 'Бағасы', 0, 20),
(87, 'Автонарықта', 0, 21),
(88, 'жылдамдыққа', 1, 21),
(89, 'автокөліктерге', 0, 21),
(90, 'Бағасы', 0, 21),
(91, 'Автонарықта', 0, 22),
(92, 'жылдамдыққа', 0, 22),
(93, 'автокөліктерге', 1, 22),
(94, 'Бағасы', 0, 22),
(95, 'Автонарықта', 0, 23),
(96, 'жылдамдыққа', 0, 23),
(97, 'автокөліктерге', 0, 23),
(98, 'Бағасы', 1, 23),
(99, 'сенбі', 0, 24),
(100, 'күндері', 0, 24),
(101, 'бесінші', 0, 24),
(102, 'португал', 1, 24),
(103, 'ауыр', 0, 24),
(104, 'сенбі', 1, 25),
(105, 'күндері', 0, 25),
(106, 'бесінші', 0, 25),
(107, 'португал', 0, 25),
(108, 'ауыр', 0, 25),
(109, 'сенбі', 0, 26),
(110, 'күндері', 0, 26),
(111, 'бесінші', 1, 26),
(112, 'португал', 0, 26),
(113, 'ауыр', 0, 26),
(114, 'сенбі', 0, 27),
(115, 'күндері', 0, 27),
(116, 'бесінші', 0, 27),
(117, 'португал', 0, 27),
(118, 'ауыр', 1, 27),
(119, 'сенбі', 0, 28),
(120, 'күндері', 1, 28),
(121, 'бесінші', 0, 28),
(122, 'португал', 0, 28),
(123, 'ауыр', 0, 28),
(124, 'жауынның', 1, 29),
(125, 'қар', 0, 29),
(126, 'жолдан', 0, 29),
(127, 'сағаттың', 0, 29),
(128, 'сөзі жоқ', 0, 29),
(129, 'қоштасу', 0, 29),
(130, 'жауынның', 0, 30),
(131, 'қар', 1, 30),
(132, 'жолдан', 0, 30),
(133, 'сағаттың', 0, 30),
(134, 'сөзі жоқ', 0, 30),
(135, 'қоштасу', 0, 30),
(136, 'жауынның', 0, 31),
(137, 'қар', 0, 31),
(138, 'жолдан', 1, 31),
(139, 'сағаттың', 0, 31),
(140, 'сөзі жоқ', 0, 31),
(141, 'қоштасу', 0, 31),
(142, 'жауынның', 0, 32),
(143, 'қар', 0, 32),
(144, 'жолдан', 0, 32),
(145, 'сағаттың', 1, 32),
(146, 'сөзі жоқ', 0, 32),
(147, 'қоштасу', 0, 32),
(148, 'жауынның', 0, 33),
(149, 'қар', 0, 33),
(150, 'жолдан', 0, 33),
(151, 'сағаттың', 0, 33),
(152, 'сөзі жоқ', 1, 33),
(153, 'қоштасу', 0, 33),
(154, 'жауынның', 0, 34),
(155, 'қар', 0, 34),
(156, 'жолдан', 0, 34),
(157, 'сағаттың', 0, 34),
(158, 'сөзі жоқ', 0, 34),
(159, 'қоштасу', 1, 34),
(160, 'Автонарықта', 1, 35),
(161, 'жылдамдыққа', 0, 35),
(162, 'автокөліктерге', 0, 35),
(163, 'Бағасы', 0, 35),
(164, 'Автонарықта', 0, 36),
(165, 'жылдамдыққа', 1, 36),
(166, 'автокөліктерге', 0, 36),
(167, 'Бағасы', 0, 36),
(168, 'Автонарықта', 0, 37),
(169, 'жылдамдыққа', 0, 37),
(170, 'автокөліктерге', 1, 37),
(171, 'Бағасы', 0, 37),
(172, 'Автонарықта', 0, 38),
(173, 'жылдамдыққа', 0, 38),
(174, 'автокөліктерге', 0, 38),
(175, 'Бағасы', 1, 38),
(176, 'сенбі', 0, 39),
(177, 'күндері', 0, 39),
(178, 'бесінші', 0, 39),
(179, 'португал', 1, 39),
(180, 'ауыр', 0, 39),
(181, 'сенбі', 1, 40),
(182, 'күндері', 0, 40),
(183, 'бесінші', 0, 40),
(184, 'португал', 0, 40),
(185, 'ауыр', 0, 40),
(186, 'сенбі', 0, 41),
(187, 'күндері', 0, 41),
(188, 'бесінші', 1, 41),
(189, 'португал', 0, 41),
(190, 'ауыр', 0, 41),
(191, 'сенбі', 0, 42),
(192, 'күндері', 0, 42),
(193, 'бесінші', 0, 42),
(194, 'португал', 0, 42),
(195, 'ауыр', 1, 42),
(196, 'сенбі', 0, 43),
(197, 'күндері', 1, 43),
(198, 'бесінші', 0, 43),
(199, 'португал', 0, 43),
(200, 'ауыр', 0, 43),
(201, 'достарым', 1, 44),
(202, 'достарыма', 0, 44),
(203, 'алтыннан да', 0, 44),
(204, 'сырымды', 0, 44),
(205, 'қол ұшын', 0, 44),
(206, 'өзімізге', 0, 44),
(207, 'достарым', 0, 45),
(208, 'достарыма', 1, 45),
(209, 'алтыннан да', 0, 45),
(210, 'сырымды', 0, 45),
(211, 'қол ұшын', 0, 45),
(212, 'өзімізге', 0, 45),
(213, 'достарым', 0, 46),
(214, 'достарыма', 0, 46),
(215, 'алтыннан да', 1, 46),
(216, 'сырымды', 0, 46),
(217, 'қол ұшын', 0, 46),
(218, 'өзімізге', 0, 46),
(219, 'достарым', 0, 47),
(220, 'достарыма', 0, 47),
(221, 'алтыннан да', 0, 47),
(222, 'сырымды', 1, 47),
(223, 'қол ұшын', 0, 47),
(224, 'өзімізге', 0, 47),
(225, 'достарым', 0, 48),
(226, 'достарыма', 0, 48),
(227, 'алтыннан да', 0, 48),
(228, 'сырымды', 0, 48),
(229, 'қол ұшын', 1, 48),
(230, 'өзімізге', 0, 48),
(231, 'достарым', 0, 49),
(232, 'достарыма', 0, 49),
(233, 'алтыннан да', 0, 49),
(234, 'сырымды', 0, 49),
(235, 'қол ұшын', 0, 49),
(236, 'өзімізге', 1, 49),
(237, 'Автонарықта', 1, 50),
(238, 'жылдамдыққа', 0, 50),
(239, 'автокөліктерге', 0, 50),
(240, 'Бағасы', 0, 50),
(241, 'Автонарықта', 0, 51),
(242, 'жылдамдыққа', 1, 51),
(243, 'автокөліктерге', 0, 51),
(244, 'Бағасы', 0, 51),
(245, 'Автонарықта', 0, 52),
(246, 'жылдамдыққа', 0, 52),
(247, 'автокөліктерге', 1, 52),
(248, 'Бағасы', 0, 52),
(249, 'Автонарықта', 0, 53),
(250, 'жылдамдыққа', 0, 53),
(251, 'автокөліктерге', 0, 53),
(252, 'Бағасы', 1, 53),
(253, 'сенбі', 0, 54),
(254, 'күндері', 0, 54),
(255, 'бесінші', 0, 54),
(256, 'португал', 1, 54),
(257, 'ауыр', 0, 54),
(258, 'сенбі', 1, 55),
(259, 'күндері', 0, 55),
(260, 'бесінші', 0, 55),
(261, 'португал', 0, 55),
(262, 'ауыр', 0, 55),
(263, 'сенбі', 0, 56),
(264, 'күндері', 0, 56),
(265, 'бесінші', 1, 56),
(266, 'португал', 0, 56),
(267, 'ауыр', 0, 56),
(268, 'сенбі', 0, 57),
(269, 'күндері', 0, 57),
(270, 'бесінші', 0, 57),
(271, 'португал', 0, 57),
(272, 'ауыр', 1, 57),
(273, 'сенбі', 0, 58),
(274, 'күндері', 1, 58),
(275, 'бесінші', 0, 58),
(276, 'португал', 0, 58),
(277, 'ауыр', 0, 58),
(278, 'достарым', 1, 59),
(279, 'достарыма', 0, 59),
(280, 'алтыннан да', 0, 59),
(281, 'сырымды', 0, 59),
(282, 'қол ұшын', 0, 59),
(283, 'өзімізге', 0, 59),
(284, 'достарым', 0, 60),
(285, 'достарыма', 1, 60),
(286, 'алтыннан да', 0, 60),
(287, 'сырымды', 0, 60),
(288, 'қол ұшын', 0, 60),
(289, 'өзімізге', 0, 60),
(290, 'достарым', 0, 61),
(291, 'достарыма', 0, 61),
(292, 'алтыннан да', 1, 61),
(293, 'сырымды', 0, 61),
(294, 'қол ұшын', 0, 61),
(295, 'өзімізге', 0, 61),
(296, 'достарым', 0, 62),
(297, 'достарыма', 0, 62),
(298, 'алтыннан да', 0, 62),
(299, 'сырымды', 1, 62),
(300, 'қол ұшын', 0, 62),
(301, 'өзімізге', 0, 62),
(302, 'достарым', 0, 63),
(303, 'достарыма', 0, 63),
(304, 'алтыннан да', 0, 63),
(305, 'сырымды', 0, 63),
(306, 'қол ұшын', 1, 63),
(307, 'өзімізге', 0, 63),
(308, 'достарым', 0, 64),
(309, 'достарыма', 0, 64),
(310, 'алтыннан да', 0, 64),
(311, 'сырымды', 0, 64),
(312, 'қол ұшын', 0, 64),
(313, 'өзімізге', 1, 64),
(314, 'Академиясының', 1, 65),
(315, 'сегнетоэлектрлік құбылыстарға', 0, 65),
(316, 'ядролық полигонында', 0, 65),
(317, 'мәселелерімен', 0, 65),
(318, 'үш рет', 0, 65),
(319, 'изотоптардағы', 0, 65),
(320, 'Академиясының', 0, 66),
(321, 'сегнетоэлектрлік құбылыстарға', 1, 66),
(322, 'ядролық полигонында', 0, 66),
(323, 'мәселелерімен', 0, 66),
(324, 'үш рет', 0, 66),
(325, 'изотоптардағы', 0, 66),
(326, 'Академиясының', 0, 67),
(327, 'сегнетоэлектрлік құбылыстарға', 0, 67),
(328, 'ядролық полигонында', 1, 67),
(329, 'мәселелерімен', 0, 67),
(330, 'үш рет', 0, 67),
(331, 'изотоптардағы', 0, 67),
(332, 'Академиясының', 0, 68),
(333, 'сегнетоэлектрлік құбылыстарға', 0, 68),
(334, 'ядролық полигонында', 0, 68),
(335, 'мәселелерімен', 1, 68),
(336, 'үш рет', 0, 68),
(337, 'изотоптардағы', 0, 68),
(338, 'Академиясының', 0, 69),
(339, 'сегнетоэлектрлік құбылыстарға', 0, 69),
(340, 'ядролық полигонында', 0, 69),
(341, 'мәселелерімен', 0, 69),
(342, 'үш рет', 1, 69),
(343, 'изотоптардағы', 0, 69),
(344, 'Академиясының', 0, 70),
(345, 'сегнетоэлектрлік құбылыстарға', 0, 70),
(346, 'ядролық полигонында', 0, 70),
(347, 'мәселелерімен', 0, 70),
(348, 'үш рет', 0, 70),
(349, 'изотоптардағы', 1, 70),
(352, '-ның', 1, 72),
(353, '-нің', 0, 72),
(354, '-ның', 0, 73),
(355, '-нің', 1, 73),
(356, '–ға', 1, 74),
(357, '-ғе', 0, 74),
(358, '–дың', 1, 75),
(359, '-дің', 0, 75),
(360, '-да', 0, 76),
(361, '-де', 1, 76),
(362, '–на', 1, 77),
(363, '-не', 0, 77),
(364, '–ның', 1, 78),
(365, 'нің', 0, 78),
(366, '–ман', 0, 79),
(367, '-мен', 1, 79),
(368, '«тетрамино»', 1, 80),
(369, 'тіктөртбұрыш', 0, 80),
(370, 'арта түседі', 0, 80),
(371, 'консольдік ойынға', 0, 80),
(372, '100 ұпай', 0, 80),
(373, '«тетрамино»', 0, 81),
(374, 'тіктөртбұрыш', 1, 81),
(375, 'арта түседі', 0, 81),
(376, 'консольдік ойынға', 0, 81),
(377, '100 ұпай', 0, 81),
(378, '«тетрамино»', 0, 82),
(379, 'тіктөртбұрыш', 0, 82),
(380, 'арта түседі', 1, 82),
(381, 'консольдік ойынға', 0, 82),
(382, '100 ұпай', 0, 82),
(383, '«тетрамино»', 0, 83),
(384, 'тіктөртбұрыш', 0, 83),
(385, 'арта түседі', 0, 83),
(386, 'консольдік ойынға', 1, 83),
(387, '100 ұпай', 0, 83),
(388, '«тетрамино»', 0, 84),
(389, 'тіктөртбұрыш', 0, 84),
(390, 'арта түседі', 0, 84),
(391, 'консольдік ойынға', 0, 84),
(392, '100 ұпай', 1, 84);

-- --------------------------------------------------------

--
-- Структура таблицы `tasks_hold`
--

CREATE TABLE `tasks_hold` (
  `hold_id` bigint(20) NOT NULL
) ENGINE=InnoDB DEFAULT CHARSET=utf8mb4 COLLATE=utf8mb4_general_ci;

--
-- Дамп данных таблицы `tasks_hold`
--

INSERT INTO `tasks_hold` (`hold_id`) VALUES
(10),
(12),
(13),
(14),
(15);

-- --------------------------------------------------------

--
-- Структура таблицы `tasks_hold_base_left`
--

CREATE TABLE `tasks_hold_base_left` (
  `hold_base_id_left` bigint(20) NOT NULL,
  `hold_base_word_left` varchar(80) DEFAULT NULL,
  `hold_id` bigint(20) DEFAULT NULL
) ENGINE=InnoDB DEFAULT CHARSET=utf8mb4 COLLATE=utf8mb4_general_ci;

--
-- Дамп данных таблицы `tasks_hold_base_left`
--

INSERT INTO `tasks_hold_base_left` (`hold_base_id_left`, `hold_base_word_left`, `hold_id`) VALUES
(34, 'Қыстағы', 10),
(35, 'Жылдамдық', 10),
(36, 'Қуаттандырылған', 10),
(37, 'Жеңіл', 10),
(38, 'Техникалық', 10),
(45, 'Қыстағы', 12),
(46, 'Жылдамдық', 12),
(47, 'Қуаттандырылған', 12),
(48, 'Жеңіл', 12),
(49, 'Техникалық', 12),
(50, 'Гена', 13),
(51, 'Хоттабыч', 13),
(52, 'Жез', 13),
(53, 'Microsoft', 13),
(54, 'Театр', 13),
(55, 'Жағымды', 13),
(56, 'Қыстағы', 14),
(57, 'Жылдамдық', 14),
(58, 'Қуаттандырылған', 14),
(59, 'Жеңіл', 14),
(60, 'Техникалық', 14),
(61, 'Гена', 15),
(62, 'Хоттабыч', 15),
(63, 'Жез', 15),
(64, 'Microsoft', 15),
(65, 'Театр', 15),
(66, 'Жағымды', 15);

-- --------------------------------------------------------

--
-- Структура таблицы `tasks_hold_base_right`
--

CREATE TABLE `tasks_hold_base_right` (
  `hold_base_id_right` bigint(20) NOT NULL,
  `hold_base_word_right` varchar(80) DEFAULT NULL,
  `hold_base_id_left` bigint(20) DEFAULT NULL,
  `hold_id` bigint(20) DEFAULT NULL
) ENGINE=InnoDB DEFAULT CHARSET=utf8mb4 COLLATE=utf8mb4_general_ci;

--
-- Дамп данных таблицы `tasks_hold_base_right`
--

INSERT INTO `tasks_hold_base_right` (`hold_base_id_right`, `hold_base_word_right`, `hold_base_id_left`, `hold_id`) VALUES
(34, 'қозғалыс', 34, 10),
(35, 'қорабы', 35, 10),
(36, 'батареялар', 36, 10),
(37, 'көлік', 37, 10),
(38, 'шешімдер', 38, 10),
(45, 'қозғалыс', 45, 12),
(46, 'қорабы', 46, 12),
(47, 'батареялар', 47, 12),
(48, 'автокөлік', 48, 12),
(49, 'шешімдер', 49, 12),
(50, 'хакер', 50, 13),
(51, 'жын', 51, 13),
(52, 'құмыра', 52, 13),
(53, 'сайты', 53, 13),
(54, 'актері', 54, 13),
(55, 'кейіпкер', 55, 13),
(56, 'қозғалыс', 56, 14),
(57, 'қорабы', 57, 14),
(58, 'батареялар', 58, 14),
(59, 'автокөлік', 59, 14),
(60, 'шешімдер', 60, 14),
(61, 'хакер', 61, 15),
(62, 'жын', 62, 15),
(63, 'құмыра', 63, 15),
(64, 'сайты', 64, 15),
(65, 'актері', 65, 15),
(66, 'кейіпкер', 66, 15);

-- --------------------------------------------------------

--
-- Структура таблицы `tasks_read`
--

CREATE TABLE `tasks_read` (
  `read_id` bigint(20) NOT NULL
) ENGINE=InnoDB DEFAULT CHARSET=utf8mb4 COLLATE=utf8mb4_general_ci;

--
-- Дамп данных таблицы `tasks_read`
--

INSERT INTO `tasks_read` (`read_id`) VALUES
(6),
(7),
(8),
(9),
(10),
(11),
(12),
(13),
(14),
(15),
(16),
(17),
(18),
(19),
(20),
(21),
(22),
(23),
(24),
(25),
(26);

-- --------------------------------------------------------

--
-- Структура таблицы `tasks_read_base`
--

CREATE TABLE `tasks_read_base` (
  `read_base_id` int(11) NOT NULL,
  `read_base_word` varchar(60) DEFAULT NULL,
  `read_id` bigint(20) DEFAULT NULL
) ENGINE=InnoDB DEFAULT CHARSET=utf8mb4 COLLATE=utf8mb4_general_ci;

--
-- Дамп данных таблицы `tasks_read_base`
--

INSERT INTO `tasks_read_base` (`read_base_id`, `read_base_word`, `read_id`) VALUES
(14, 'Дүйсенбі', 6),
(15, 'екінші күн', 6),
(16, 'жұма', 6),
(17, 'апта күндері', 6),
(18, 'сейсенбі', 6),
(19, 'бүрсікүні', 6),
(20, 'жексенбі', 6),
(21, 'демалыс', 6),
(22, 'ертең', 6),
(23, 'Жеңіл көлік', 7),
(24, 'автонарық', 7),
(25, 'техникалық анықтама', 7),
(26, 'климат', 7),
(27, 'бейнекөрініс', 7),
(28, 'толық қуаттандырылған батарея', 7),
(29, 'қашықтық', 7),
(30, 'жылдамдық', 7),
(31, 'жылдамдық қорабы', 7),
(32, 'редуктор', 7),
(33, 'Дүйсенбі', 8),
(34, 'екінші күн', 8),
(35, 'жұма', 8),
(36, 'апта күндері', 8),
(37, 'сейсенбі', 8),
(38, 'бүрсікүні', 8),
(39, 'жексенбі', 8),
(40, 'демалыс', 8),
(41, 'ертең', 8),
(42, 'Жеңіл көлік', 9),
(43, 'автонарық', 9),
(44, 'техникалық анықтама', 9),
(45, 'климат', 9),
(46, 'бейнекөрініс', 9),
(47, 'толық қуаттандырылған батарея', 9),
(48, 'қашықтық', 9),
(49, 'жылдамдық', 9),
(50, 'жылдамдық қорабы', 9),
(51, 'редуктор', 9),
(52, 'Дүйсенбі', 10),
(53, 'екінші күн', 10),
(54, 'жұма', 10),
(55, 'апта күндері', 10),
(56, 'сейсенбі', 10),
(57, 'бүрсікүні', 10),
(58, 'жексенбі', 10),
(59, 'демалыс', 10),
(60, 'ертең', 10),
(61, '1. Интерком жанрындағы фильм.', 11),
(62, '2. Қарақшылардың көздеріне түседі.', 12),
(63, '3. Онлайн аукционда саудаланған жез құмыра.', 13),
(64, '4. Туған күнге арналған сыйлық.', 14),
(65, '5. Жез құмыраның ішінде қамалған жын.', 15),
(66, 'Каучук', 16),
(67, 'бақбақ гүлі', 16),
(68, 'өндіріс', 16),
(69, 'шикізат', 16),
(70, 'мұнай', 16),
(71, 'әлем экономикасы', 16),
(72, 'технологиялар', 16),
(73, 'экватор', 16),
(74, 'латекс', 16),
(75, 'Жеңіл көлік', 17),
(76, 'автонарық', 17),
(77, 'техникалық анықтама', 17),
(78, 'климат', 17),
(79, 'бейнекөрініс', 17),
(80, 'толық қуаттандырылған батарея', 17),
(81, 'қашықтық', 17),
(82, 'жылдамдық', 17),
(83, 'жылдамдық қорабы', 17),
(84, 'редуктор', 17),
(85, 'Дүйсенбі', 18),
(86, 'екінші күн', 18),
(87, 'жұма', 18),
(88, 'апта күндері', 18),
(89, 'сейсенбі', 18),
(90, 'бүрсікүні', 18),
(91, 'жексенбі', 18),
(92, 'демалыс', 18),
(93, 'ертең', 18),
(94, '1. Интерком жанрындағы фильм.', 19),
(95, '2. Қарақшылардың көздеріне түседі.', 20),
(96, '3. Онлайн аукционда саудаланған жез құмыра.', 21),
(97, '4. Туған күнге арналған сыйлық.', 22),
(98, '5. Жез құмыраның ішінде қамалған жын.', 23),
(99, 'Каучук', 24),
(100, 'бақбақ гүлі', 24),
(101, 'өндіріс', 24),
(102, 'шикізат', 24),
(103, 'мұнай', 24),
(104, 'әлем экономикасы', 24),
(105, 'технологиялар', 24),
(106, 'экватор', 24),
(107, 'латекс', 24),
(108, 'Сиқыршылар', 25),
(109, 'таңғажайып', 25),
(110, 'орындықтар', 25),
(111, 'үй', 25),
(112, 'терезе', 25),
(113, 'есік', 25),
(114, 'дауыл', 25),
(115, 'көгал', 25),
(116, 'алаңқай', 25),
(117, 'гүлзар', 25),
(118, 'кішкентай', 25),
(119, 'аспан', 25),
(120, 'бұтақ', 25),
(121, 'қоңырау', 25),
(122, 'Прожектор', 26),
(123, 'ашық көк сәуле', 26),
(124, 'комиссар', 26),
(125, 'алып шаяндар', 26),
(126, 'органика', 26),
(127, 'маяк', 26),
(128, 'қысқыштар', 26);

-- --------------------------------------------------------

--
-- Структура таблицы `users`
--

CREATE TABLE `users` (
  `user_id` bigint(20) NOT NULL,
  `user_name` varchar(30) DEFAULT NULL,
  `user_surname` varchar(30) DEFAULT NULL,
  `user_email` varchar(100) DEFAULT NULL,
  `user_password` varchar(100) DEFAULT NULL,
  `permission_id` int(11) DEFAULT 1,
  `user_access_token` varchar(80) DEFAULT NULL,
  `user_registered` datetime DEFAULT current_timestamp()
) ENGINE=InnoDB DEFAULT CHARSET=utf8mb4 COLLATE=utf8mb4_general_ci;

--
-- Дамп данных таблицы `users`
--

INSERT INTO `users` (`user_id`, `user_name`, `user_surname`, `user_email`, `user_password`, `permission_id`, `user_access_token`, `user_registered`) VALUES
(3, 'Рустем', 'Жумабек', 'rustemnew@icloud.com', 'deef24f9832c400935aa6babf7ec9b55', 3, '348d2d32982c3b931ee98fe7a3f6b05690d2a25b435c9d2067e4e8c42b3729ae', '2024-03-03 19:46:53'),
(4, 'Бакытжан', 'Копжасаров', 'atzhal@yandex.ru', '14e1b600b1fd579f47433b88e8d85291', 1, '53f4d5611c4790038b718aaa7c9dedc6b87bb6d47484d6b76fde475ffe7749fe', '2024-03-09 11:14:23'),
(5, 'Айсара', 'Мамиева', 'aisara151203@gmail.com', '365f4407b568c4994dff9fc8374cb697', 3, '7688f432c05ad561c152069e0f8e8741a831e229b455855fbf9a3527b7f6a718', '2024-03-09 11:51:45'),
(6, 'Аружан', 'Ражапова', 'razhaparuzhan@gmail.com', '4e3a3a734bf25b3f8aaaa7f814ed5b19', 1, '2b508fc8eae4f1d765910b694fccf24b85da691d56844f90b95a21c4ca48937c', '2024-03-14 10:25:08'),
(12, 'Алина', 'Мухамедкариева', 'Alina_17m@bk.ru', '7a6ff772a6c6630ce7b5cebc3949eed5', 1, '3422a76630a7e7fbb1a8b57604b48fb4c2f4660cf7fe6b1ce5e7f7056beaa074', '2024-03-14 14:27:29'),
(14, 'Айсара', 'Мамиева', 'aissmamieva25@gmail.com', '9da94790b394e7c13dff3f5e8f9fbb97', 1, '334fff4639fd2c03cd629857e50f3851580f1786bb08a377487c9bc788650c06', '2024-04-03 13:52:55'),
(15, 'Айман', 'Сапанова', 'aiman_uk1972@mail.ru', '4083afa65ecd04f0dc109f406ef4a61b', 1, '14f74dc2bc61c290c95a1b8fac76bd410d47996415404436fa886d009051d9f6', '2024-04-03 14:40:09');

-- --------------------------------------------------------

--
-- Структура таблицы `videos`
--

CREATE TABLE `videos` (
  `video_id` int(255) NOT NULL,
  `video_url` varchar(255) DEFAULT NULL
) ENGINE=InnoDB DEFAULT CHARSET=utf8 COLLATE=utf8_general_ci;

--
-- Дамп данных таблицы `videos`
--

INSERT INTO `videos` (`video_id`, `video_url`) VALUES
(1, 'https://www.youtube.com/embed/9e9los7Z9Vw?si=jq_gGVd3SWXg1T3F'),
(2, 'https://www.youtube.com/embed/efef6pkvUgY?si=PLAgTq-CY1EhFp-0'),
(3, 'https://www.youtube.com/embed/lFmolqrDnXU?si=To2D2_oj-LIbia-1');

--
-- Индексы сохранённых таблиц
--

--
-- Индексы таблицы `contexts`
--
ALTER TABLE `contexts`
  ADD PRIMARY KEY (`context_id`);

--
-- Индексы таблицы `descriptions`
--
ALTER TABLE `descriptions`
  ADD PRIMARY KEY (`description_id`);

--
-- Индексы таблицы `pages`
--
ALTER TABLE `pages`
  ADD PRIMARY KEY (`page_id`);

--
-- Индексы таблицы `pages_content`
--
ALTER TABLE `pages_content`
  ADD PRIMARY KEY (`page_content_id`);

--
-- Индексы таблицы `permissions`
--
ALTER TABLE `permissions`
  ADD PRIMARY KEY (`permission_id`);

--
-- Индексы таблицы `simples`
--
ALTER TABLE `simples`
  ADD PRIMARY KEY (`simple_id`);

--
-- Индексы таблицы `tabs`
--
ALTER TABLE `tabs`
  ADD PRIMARY KEY (`tab_id`);

--
-- Индексы таблицы `tasks_completed`
--
ALTER TABLE `tasks_completed`
  ADD PRIMARY KEY (`completed_id`);

--
-- Индексы таблицы `tasks_drag`
--
ALTER TABLE `tasks_drag`
  ADD PRIMARY KEY (`drag_id`);

--
-- Индексы таблицы `tasks_drag_base`
--
ALTER TABLE `tasks_drag_base`
  ADD PRIMARY KEY (`drag_base_id`);

--
-- Индексы таблицы `tasks_hold`
--
ALTER TABLE `tasks_hold`
  ADD PRIMARY KEY (`hold_id`);

--
-- Индексы таблицы `tasks_hold_base_left`
--
ALTER TABLE `tasks_hold_base_left`
  ADD PRIMARY KEY (`hold_base_id_left`);

--
-- Индексы таблицы `tasks_hold_base_right`
--
ALTER TABLE `tasks_hold_base_right`
  ADD PRIMARY KEY (`hold_base_id_right`);

--
-- Индексы таблицы `tasks_read`
--
ALTER TABLE `tasks_read`
  ADD PRIMARY KEY (`read_id`);

--
-- Индексы таблицы `tasks_read_base`
--
ALTER TABLE `tasks_read_base`
  ADD PRIMARY KEY (`read_base_id`);

--
-- Индексы таблицы `users`
--
ALTER TABLE `users`
  ADD PRIMARY KEY (`user_id`);

--
-- Индексы таблицы `videos`
--
ALTER TABLE `videos`
  ADD PRIMARY KEY (`video_id`);

--
-- AUTO_INCREMENT для сохранённых таблиц
--

--
-- AUTO_INCREMENT для таблицы `contexts`
--
ALTER TABLE `contexts`
  MODIFY `context_id` bigint(20) NOT NULL AUTO_INCREMENT, AUTO_INCREMENT=104;

--
-- AUTO_INCREMENT для таблицы `descriptions`
--
ALTER TABLE `descriptions`
  MODIFY `description_id` bigint(20) NOT NULL AUTO_INCREMENT, AUTO_INCREMENT=87;

--
-- AUTO_INCREMENT для таблицы `pages`
--
ALTER TABLE `pages`
  MODIFY `page_id` bigint(20) NOT NULL AUTO_INCREMENT, AUTO_INCREMENT=86;

--
-- AUTO_INCREMENT для таблицы `pages_content`
--
ALTER TABLE `pages_content`
  MODIFY `page_content_id` bigint(20) NOT NULL AUTO_INCREMENT, AUTO_INCREMENT=337;

--
-- AUTO_INCREMENT для таблицы `permissions`
--
ALTER TABLE `permissions`
  MODIFY `permission_id` int(11) NOT NULL AUTO_INCREMENT, AUTO_INCREMENT=4;

--
-- AUTO_INCREMENT для таблицы `simples`
--
ALTER TABLE `simples`
  MODIFY `simple_id` bigint(20) NOT NULL AUTO_INCREMENT, AUTO_INCREMENT=25;

--
-- AUTO_INCREMENT для таблицы `tabs`
--
ALTER TABLE `tabs`
  MODIFY `tab_id` bigint(20) NOT NULL AUTO_INCREMENT, AUTO_INCREMENT=26;

--
-- AUTO_INCREMENT для таблицы `tasks_completed`
--
ALTER TABLE `tasks_completed`
  MODIFY `completed_id` bigint(20) NOT NULL AUTO_INCREMENT, AUTO_INCREMENT=131;

--
-- AUTO_INCREMENT для таблицы `tasks_drag`
--
ALTER TABLE `tasks_drag`
  MODIFY `drag_id` bigint(20) NOT NULL AUTO_INCREMENT, AUTO_INCREMENT=86;

--
-- AUTO_INCREMENT для таблицы `tasks_drag_base`
--
ALTER TABLE `tasks_drag_base`
  MODIFY `drag_base_id` int(11) NOT NULL AUTO_INCREMENT, AUTO_INCREMENT=397;

--
-- AUTO_INCREMENT для таблицы `tasks_hold`
--
ALTER TABLE `tasks_hold`
  MODIFY `hold_id` bigint(20) NOT NULL AUTO_INCREMENT, AUTO_INCREMENT=16;

--
-- AUTO_INCREMENT для таблицы `tasks_hold_base_left`
--
ALTER TABLE `tasks_hold_base_left`
  MODIFY `hold_base_id_left` bigint(20) NOT NULL AUTO_INCREMENT, AUTO_INCREMENT=67;

--
-- AUTO_INCREMENT для таблицы `tasks_hold_base_right`
--
ALTER TABLE `tasks_hold_base_right`
  MODIFY `hold_base_id_right` bigint(20) NOT NULL AUTO_INCREMENT, AUTO_INCREMENT=67;

--
-- AUTO_INCREMENT для таблицы `tasks_read`
--
ALTER TABLE `tasks_read`
  MODIFY `read_id` bigint(20) NOT NULL AUTO_INCREMENT, AUTO_INCREMENT=27;

--
-- AUTO_INCREMENT для таблицы `tasks_read_base`
--
ALTER TABLE `tasks_read_base`
  MODIFY `read_base_id` int(11) NOT NULL AUTO_INCREMENT, AUTO_INCREMENT=129;

--
-- AUTO_INCREMENT для таблицы `users`
--
ALTER TABLE `users`
  MODIFY `user_id` bigint(20) NOT NULL AUTO_INCREMENT, AUTO_INCREMENT=29;

--
-- AUTO_INCREMENT для таблицы `videos`
--
ALTER TABLE `videos`
  MODIFY `video_id` int(255) NOT NULL AUTO_INCREMENT, AUTO_INCREMENT=4;
COMMIT;

/*!40101 SET CHARACTER_SET_CLIENT=@OLD_CHARACTER_SET_CLIENT */;
/*!40101 SET CHARACTER_SET_RESULTS=@OLD_CHARACTER_SET_RESULTS */;
/*!40101 SET COLLATION_CONNECTION=@OLD_COLLATION_CONNECTION */;
